Date,Account,Ticker,CUSIP,Name,Share Quantity,Price,Market Value,Weight,NetAssets,SharesOutstanding,CreationUnits,ETF Ticker
2026-02-07,ULTY,ALAB  260213C00152500,ALAB  260213C00152500,ALAB US 02/13/26 C152.5,-2000,23.125,-4625000.0,-0.43,1070946652.44,30302464,1212.1,ULTY
2026-02-07,ULTY,ALAB  260213P00130000,ALAB  260213P00130000,ALAB US 02/13/26 P130,4000,1.265,506000.0,0.05,1070946652.44,30302464,1212.1,ULTY
2026-02-07,ULTY,ALAB  260213P00137000,ALAB  260213P00137000,ALAB US 02/13/26 P137,-2000,2.16,-432000.0,-0.04,1070946652.44,30302464,1212.1,ULTY
2026-02-07,ULTY,GOOGL,02079K305,Alphabet Inc,180000,322.86,58114800.0,5.43,1070946652.44,30302464,1212.1,ULTY
2026-02-07,ULTY,GOOGL 260213P00305000,GOOGL 260213P00305000,ALPHABET PUT OPT 02/26 305,3600,1.17,421200.0,0.04,1070946652.44,30302464,1212.1,ULTY
2026-02-07,ULTY,GOOGL 260213P00317500,GOOGL 260213P00317500,ALPHABET PUT OPT 02/26 317.500,-1800,3.7,-666000.0,-0.06,1070946652.44,30302464,1212.1,ULTY
2026-02-07,ULTY,AMAT  260213C00335000,AMAT  260213C00335000,AMAT US 02/13/26 C335,-930,7.825,-727725.0,-0.07,1070946652.44,30302464,1212.1,ULTY
2026-02-07,ULTY,AMAT  260213P00270000,AMAT  260213P00270000,AMAT US 02/13/26 P270,1860,1.27,236220.0,0.02,1070946652.44,30302464,1212.1,ULTY
2026-02-07,ULTY,AMAT  260213P00282500,AMAT  260213P00282500,AMAT US 02/13/26 P282.5,-930,2.115,-196695.0,-0.02,1070946652.44,30302464,1212.1,ULTY
2026-02-07,ULTY,AMZN  260213C00212500,AMZN  260213C00212500,AMAZON C CLL OPT 02/26 212.500,-1660,3.125,-518750.0,-0.05,1070946652.44,30302464,1212.1,ULTY
2026-02-07,ULTY,AMZN  260213P00187500,AMZN  260213P00187500,AMAZON C PUT OPT 02/26 187.500,3320,0.135,44820.0,0.0,1070946652.44,30302464,1212.1,ULTY
2026-02-07,ULTY,AMZN  260213P00197500,AMZN  260213P00197500,AMAZON C PUT OPT 02/26 197.500,-1660,0.615,-102090.0,-0.01,1070946652.44,30302464,1212.1,ULTY
2026-02-07,ULTY,AMZN,023135106,Amazon.com Inc,166000,210.32,34913120.0,3.26,1070946652.44,30302464,1212.1,ULTY
2026-02-07,ULTY,SILJ  260213P00030000,SILJ  260213P00030000,AMPLIFY  PUT OPT 02/26 30,14995,0.63,944685.0,0.09,1070946652.44,30302464,1212.1,ULTY
2026-02-07,ULTY,SILJ  260213P00032000,SILJ  260213P00032000,AMPLIFY  PUT OPT 02/26 32,-14995,1.03,-1544485.0,-0.14,1070946652.44,30302464,1212.1,ULTY
2026-02-07,ULTY,SILJ,032108649,Amplify Junior Silver Miners ETF,1499500,32.77,49138615.0,4.59,1070946652.44,30302464,1212.1,ULTY
2026-02-07,ULTY,ADI   260213C00332500,ADI   260213C00332500,ANALOG D CLL OPT 02/26 332.500,-1450,1.675,-242875.0,-0.02,1070946652.44,30302464,1212.1,ULTY
2026-02-07,ULTY,ADI   260213P00305000,ADI   260213P00305000,ANALOG D PUT OPT 02/26 305,2900,1.5,435000.0,0.04,1070946652.44,30302464,1212.1,ULTY
2026-02-07,ULTY,ADI   260213P00317500,ADI   260213P00317500,ANALOG D PUT OPT 02/26 317.500,-1450,4.8,-696000.0,-0.06,1070946652.44,30302464,1212.1,ULTY
2026-02-07,ULTY,ADI,032654105,Analog Devices Inc,145000,320.45,46465250.0,4.34,1070946652.44,30302464,1212.1,ULTY
2026-02-07,ULTY,AMAT,038222105,Applied Materials Inc,93000,322.51,29993430.0,2.8,1070946652.44,30302464,1212.1,ULTY
2026-02-07,ULTY,ALAB,04626A103,Astera Labs Inc,200000,169.85,33970000.0,3.17,1070946652.44,30302464,1212.1,ULTY
2026-02-07,ULTY,Cash&Other,Cash&Other,Cash & Other,22147949,1.0,22147949.33,2.07,1070946652.44,30302464,1212.1,ULTY
2026-02-07,ULTY,CIEN  260213C00275000,CIEN  260213C00275000,CIENA CO CLL OPT 02/26 275,-1490,10.7,-1594300.0,-0.15,1070946652.44,30302464,1212.1,ULTY
2026-02-07,ULTY,CIEN  260213P00242500,CIEN  260213P00242500,CIENA CO PUT OPT 02/26 242.500,2980,3.375,1005750.0,0.09,1070946652.44,30302464,1212.1,ULTY
2026-02-07,ULTY,CIEN  260213P00257500,CIEN  260213P00257500,CIENA CO PUT OPT 02/26 257.500,-1490,6.15,-916350.0,-0.09,1070946652.44,30302464,1212.1,ULTY
2026-02-07,ULTY,CIEN,171779309,Ciena Corp,149000,271.32,40426680.0,3.77,1070946652.44,30302464,1212.1,ULTY
2026-02-07,ULTY,COHR  260213C00235000,COHR  260213C00235000,COHERENT CLL OPT 02/26 235,-920,6.9,-634800.0,-0.06,1070946652.44,30302464,1212.1,ULTY
2026-02-07,ULTY,COHR,19247G107,Coherent Corp,184000,227.68,41893120.0,3.91,1070946652.44,30302464,1212.1,ULTY
2026-02-07,ULTY,COHR  260213P00207500,COHR  260213P00207500,COHERENT PUT OPT 02/26 207.500,3680,3.15,1159200.0,0.11,1070946652.44,30302464,1212.1,ULTY
2026-02-07,ULTY,COHR  260213P00217500,COHR  260213P00217500,COHERENT PUT OPT 02/26 217.500,-1840,5.15,-947600.0,-0.09,1070946652.44,30302464,1212.1,ULTY
2026-02-07,ULTY,COHR  260213C00205000,COHR  260213C00205000,COHR US 02/13/26 C205,-920,26.4,-2428800.0,-0.23,1070946652.44,30302464,1212.1,ULTY
2026-02-07,ULTY,FIX,199908104,Comfort Systems USA Inc,31000,1230.26,38138060.0,3.56,1070946652.44,30302464,1212.1,ULTY
2026-02-07,ULTY,FGXXX,31846V336,First American Government Obligations Fund 12/01/2031,39627969,100.0,39627968.76,3.7,1070946652.44,30302464,1212.1,ULTY
2026-02-07,ULTY,FIX   260220C01240000,FIX   260220C01240000,FIX US 02/20/26 C1240,-310,58.4,-1810400.0,-0.17,1070946652.44,30302464,1212.1,ULTY
2026-02-07,ULTY,FIX   260220P01070000,FIX   260220P01070000,FIX US 02/20/26 P1070,620,10.55,654100.0,0.06,1070946652.44,30302464,1212.1,ULTY
2026-02-07,ULTY,FIX   260220P01160000,FIX   260220P01160000,FIX US 02/20/26 P1160,-310,31.65,-981150.0,-0.09,1070946652.44,30302464,1212.1,ULTY
2026-02-07,ULTY,GDX   260213C00099000,GDX   260213C00099000,GDX US 02/13/26 C99,-6499,2.42,-1572758.0,-0.15,1070946652.44,30302464,1212.1,ULTY
2026-02-07,ULTY,GOOGL 260213C00332500,GOOGL 260213C00332500,GOOGL US 02/13/26 C332.5,-1800,2.415,-434700.0,-0.04,1070946652.44,30302464,1212.1,ULTY
2026-02-07,ULTY,HOOD  260213C00084000,HOOD  260213C00084000,HOOD US 02/13/26 C84,-4498,4.325,-1945385.0,-0.18,1070946652.44,30302464,1212.1,ULTY
2026-02-07,ULTY,HOOD  260213P00073000,HOOD  260213P00073000,HOOD US 02/13/26 P73,4498,1.46,656708.0,0.06,1070946652.44,30302464,1212.1,ULTY
2026-02-07,ULTY,INTU  260213C00467500,INTU  260213C00467500,INTU US 02/13/26 C467.5,-360,4.05,-145800.0,-0.01,1070946652.44,30302464,1212.1,ULTY
2026-02-07,ULTY,INTU  260213P00400000,INTU  260213P00400000,INTU US 02/13/26 P400,720,1.55,111600.0,0.01,1070946652.44,30302464,1212.1,ULTY
2026-02-07,ULTY,INTU  260213P00427500,INTU  260213P00427500,INTU US 02/13/26 P427.5,-360,5.9,-212400.0,-0.02,1070946652.44,30302464,1212.1,ULTY
2026-02-07,ULTY,INTU,461202103,Intuit Inc,36000,443.77,15975720.0,1.49,1070946652.44,30302464,1212.1,ULTY
2026-02-07,ULTY,IREN,Q4982L109,IREN Ltd,900000,41.83,37647000.0,3.52,1070946652.44,30302464,1212.1,ULTY
2026-02-07,ULTY,IREN  260213C00050000,IREN  260213C00050000,IREN US 02/13/26 C50,-9000,0.595,-535500.0,-0.05,1070946652.44,30302464,1212.1,ULTY
2026-02-07,ULTY,IREN  260213P00032000,IREN  260213P00032000,IREN US 02/13/26 P32,9000,0.425,382500.0,0.04,1070946652.44,30302464,1212.1,ULTY
2026-02-07,ULTY,JBL,466313103,Jabil Inc,190000,258.25,49067500.0,4.58,1070946652.44,30302464,1212.1,ULTY
2026-02-07,ULTY,JBL   260220C00250000,JBL   260220C00250000,JBL US 02/20/26 C250,-1900,13.05,-2479500.0,-0.23,1070946652.44,30302464,1212.1,ULTY
2026-02-07,ULTY,JBL   260220P00210000,JBL   260220P00210000,JBL US 02/20/26 P210,3800,0.375,142500.0,0.01,1070946652.44,30302464,1212.1,ULTY
2026-02-07,ULTY,JBL   260220P00230000,JBL   260220P00230000,JBL US 02/20/26 P230,-1900,1.025,-194750.0,-0.02,1070946652.44,30302464,1212.1,ULTY
2026-02-07,ULTY,LRCX  260213P00210000,LRCX  260213P00210000,LAM RESE PUT OPT 02/26 210,2760,1.62,447120.0,0.04,1070946652.44,30302464,1212.1,ULTY
2026-02-07,ULTY,LRCX  260213P00222500,LRCX  260213P00222500,LAM RESE PUT OPT 02/26 222.500,-2760,4.5,-1242000.0,-0.12,1070946652.44,30302464,1212.1,ULTY
2026-02-07,ULTY,LRCX,512807306,Lam Research Corp,276000,231.01,63758760.0,5.95,1070946652.44,30302464,1212.1,ULTY
2026-02-07,ULTY,LITE  260213C00525000,LITE  260213C00525000,LITE US 02/13/26 C525,-1000,46.95,-4695000.0,-0.44,1070946652.44,30302464,1212.1,ULTY
2026-02-07,ULTY,LITE  260213P00420000,LITE  260213P00420000,LITE US 02/13/26 P420,2000,2.4,480000.0,0.04,1070946652.44,30302464,1212.1,ULTY
2026-02-07,ULTY,LITE  260213P00440000,LITE  260213P00440000,LITE US 02/13/26 P440,-1000,2.725,-272500.0,-0.03,1070946652.44,30302464,1212.1,ULTY
2026-02-07,ULTY,LRCX  260213C00237500,LRCX  260213C00237500,LRCX US 02/13/26 C237.5,-2760,4.95,-1366200.0,-0.13,1070946652.44,30302464,1212.1,ULTY
2026-02-07,ULTY,LRCX  260213P00195000,LRCX  260213P00195000,LRCX US 02/13/26 P195,2760,0.575,158700.0,0.01,1070946652.44,30302464,1212.1,ULTY
2026-02-07,ULTY,LITE,55024U109,Lumentum Holdings Inc,100000,551.99,55199000.0,5.15,1070946652.44,30302464,1212.1,ULTY
2026-02-07,ULTY,MDB   260213C00350000,MDB   260213C00350000,MDB US 02/13/26 C350,-560,10.3,-576800.0,-0.05,1070946652.44,30302464,1212.1,ULTY
2026-02-07,ULTY,MDB   260213P00302500,MDB   260213P00302500,MDB US 02/13/26 P302.5,560,2.405,134680.0,0.01,1070946652.44,30302464,1212.1,ULTY
2026-02-07,ULTY,MDB   260213P00310000,MDB   260213P00310000,MONGODB  PUT OPT 02/26 310,560,3.355,187880.0,0.02,1070946652.44,30302464,1212.1,ULTY
2026-02-07,ULTY,MDB   260213P00330000,MDB   260213P00330000,MONGODB  PUT OPT 02/26 330,-560,7.475,-418600.0,-0.04,1070946652.44,30302464,1212.1,ULTY
2026-02-07,ULTY,MDB,60937P106,MongoDB Inc,56000,344.35,19283600.0,1.8,1070946652.44,30302464,1212.1,ULTY
2026-02-07,ULTY,MSTR  260213C00132000,MSTR  260213C00132000,MSTR US 02/13/26 C132,-2930,8.7,-2549100.0,-0.24,1070946652.44,30302464,1212.1,ULTY
2026-02-07,ULTY,MSTR  260213P00112000,MSTR  260213P00112000,MSTR US 02/13/26 P112,2930,1.65,483450.0,0.05,1070946652.44,30302464,1212.1,ULTY
2026-02-07,ULTY,SMR   260213C00020500,SMR   260213C00020500,NUSCALE  CLL OPT 02/26 20.500,20418,0.175,357315.0,0.03,1070946652.44,30302464,1212.1,ULTY
2026-02-07,ULTY,SMR   260213P00015500,SMR   260213P00015500,NUSCALE  PUT OPT 02/26 15.500,20418,0.295,602331.0,0.06,1070946652.44,30302464,1212.1,ULTY
2026-02-07,ULTY,SMR   260213P00016500,SMR   260213P00016500,NUSCALE  PUT OPT 02/26 16.500,-20418,0.585,-1194453.0,-0.11,1070946652.44,30302464,1212.1,ULTY
2026-02-07,ULTY,SMR,67079K100,NuScale Power Corp,2041800,17.53,35792754.0,3.34,1070946652.44,30302464,1212.1,ULTY
2026-02-07,ULTY,NVDA  260213C00180000,NVDA  260213C00180000,NVDA US 02/13/26 C180,-3280,7.875,-2583000.0,-0.24,1070946652.44,30302464,1212.1,ULTY
2026-02-07,ULTY,NVDA  260213P00157500,NVDA  260213P00157500,NVDA US 02/13/26 P157.5,3280,0.235,77080.0,0.01,1070946652.44,30302464,1212.1,ULTY
2026-02-07,ULTY,NVDA  260213P00177500,NVDA  260213P00177500,NVDA US 02/13/26 P177.5,-3280,1.795,-588760.0,-0.05,1070946652.44,30302464,1212.1,ULTY
2026-02-07,ULTY,NVDA  260213P00165000,NVDA  260213P00165000,NVIDIA C PUT OPT 02/26 165,3280,0.47,154160.0,0.01,1070946652.44,30302464,1212.1,ULTY
2026-02-07,ULTY,NVDA,67066G104,NVIDIA Corp,328000,185.41,60814480.0,5.68,1070946652.44,30302464,1212.1,ULTY
2026-02-07,ULTY,PLTR  260213P00138000,PLTR  260213P00138000,PALANTIR PUT OPT 02/26 138,-2700,5.3,-1431000.0,-0.13,1070946652.44,30302464,1212.1,ULTY
2026-02-07,ULTY,PLTR,69608A108,Palantir Technologies Inc,270000,135.9,36693000.0,3.43,1070946652.44,30302464,1212.1,ULTY
2026-02-07,ULTY,PLTR  260213C00135000,PLTR  260213C00135000,PLTR US 02/13/26 C135,-2700,4.8,-1296000.0,-0.12,1070946652.44,30302464,1212.1,ULTY
2026-02-07,ULTY,PLTR  260213P00128000,PLTR  260213P00128000,PLTR US 02/13/26 P128,5400,1.56,842400.0,0.08,1070946652.44,30302464,1212.1,ULTY
2026-02-07,ULTY,PWR   260220C00460000,PWR   260220C00460000,PWR US 02/20/26 C460,-1000,53.6,-5360000.0,-0.5,1070946652.44,30302464,1212.1,ULTY
2026-02-07,ULTY,PWR   260220P00410000,PWR   260220P00410000,PWR US 02/20/26 P410,2000,1.225,245000.0,0.02,1070946652.44,30302464,1212.1,ULTY
2026-02-07,ULTY,PWR   260220P00430000,PWR   260220P00430000,PWR US 02/20/26 P430,-1000,1.75,-175000.0,-0.02,1070946652.44,30302464,1212.1,ULTY
2026-02-07,ULTY,PWR,74762E102,Quanta Services Inc,100000,508.11,50811000.0,4.74,1070946652.44,30302464,1212.1,ULTY
2026-02-07,ULTY,RBLX  260213C00069000,RBLX  260213C00069000,RBLX US 02/13/26 C69,-4500,1.865,-839250.0,-0.08,1070946652.44,30302464,1212.1,ULTY
2026-02-07,ULTY,RBLX  260213P00055000,RBLX  260213P00055000,RBLX US 02/13/26 P55,4500,0.13,58500.0,0.01,1070946652.44,30302464,1212.1,ULTY
2026-02-07,ULTY,RDDT  260213C00155000,RDDT  260213C00155000,REDDIT I CLL OPT 02/26 155,-1850,2.005,-370925.0,-0.03,1070946652.44,30302464,1212.1,ULTY
2026-02-07,ULTY,RDDT  260213C00162500,RDDT  260213C00162500,REDDIT I CLL OPT 02/26 162.500,1850,1.13,209050.0,0.02,1070946652.44,30302464,1212.1,ULTY
2026-02-07,ULTY,RDDT  260213P00136000,RDDT  260213P00136000,REDDIT I PUT OPT 02/26 136,3700,4.75,1757500.0,0.16,1070946652.44,30302464,1212.1,ULTY
2026-02-07,ULTY,RDDT  260213P00144000,RDDT  260213P00144000,REDDIT I PUT OPT 02/26 144,-1850,9.0,-1665000.0,-0.16,1070946652.44,30302464,1212.1,ULTY
2026-02-07,ULTY,RDDT,75734B100,Reddit Inc,185000,139.83,25868550.0,2.42,1070946652.44,30302464,1212.1,ULTY
2026-02-07,ULTY,HOOD,770700102,Robinhood Markets Inc,449800,82.82,37252436.0,3.48,1070946652.44,30302464,1212.1,ULTY
2026-02-07,ULTY,RBLX,771049103,ROBLOX Corp,450000,66.42,29889000.0,2.79,1070946652.44,30302464,1212.1,ULTY
2026-02-07,ULTY,SCCO  260220C00185000,SCCO  260220C00185000,SCCO US 02/20/26 C185,-3105,17.0,-5278500.0,-0.49,1070946652.44,30302464,1212.1,ULTY
2026-02-07,ULTY,SCCO  260220P00150000,SCCO  260220P00150000,SCCO US 02/20/26 P150,6210,0.775,481275.0,0.04,1070946652.44,30302464,1212.1,ULTY
2026-02-07,ULTY,SCCO  260220P00170000,SCCO  260220P00170000,SCCO US 02/20/26 P170,-3105,1.675,-520087.5,-0.05,1070946652.44,30302464,1212.1,ULTY
2026-02-07,ULTY,SILJ  260213C00033000,SILJ  260213C00033000,SILJ US 02/13/26 C33,-14995,1.25,-1874375.0,-0.18,1070946652.44,30302464,1212.1,ULTY
2026-02-07,ULTY,SILJ  260213P00028500,SILJ  260213P00028500,SILJ US 02/13/26 P28.5,14995,0.3,449850.07,0.04,1070946652.44,30302464,1212.1,ULTY
2026-02-07,ULTY,SMR   260213C00017000,SMR   260213C00017000,SMR US 02/13/26 C17,-20418,1.315,-2684967.0,-0.25,1070946652.44,30302464,1212.1,ULTY
2026-02-07,ULTY,SMR   260213P00014500,SMR   260213P00014500,SMR US 02/13/26 P14.5,20418,0.15,306270.0,0.03,1070946652.44,30302464,1212.1,ULTY
2026-02-07,ULTY,SCCO,84265V105,Southern Copper Corp,310500,200.04,62112420.0,5.8,1070946652.44,30302464,1212.1,ULTY
2026-02-07,ULTY,MSTR,594972408,Strategy Inc,293000,134.93,39534490.0,3.69,1070946652.44,30302464,1212.1,ULTY
2026-02-07,ULTY,GDX   260213P00090000,GDX   260213P00090000,VANECK G PUT OPT 02/26 90,12998,0.895,1163321.0,0.11,1070946652.44,30302464,1212.1,ULTY
2026-02-07,ULTY,GDX   260213P00095000,GDX   260213P00095000,VANECK G PUT OPT 02/26 95,-6499,2.2,-1429780.0,-0.13,1070946652.44,30302464,1212.1,ULTY
2026-02-07,ULTY,GDX,92189F106,VanEck Gold Miners ETF/USA,649900,97.39,63293761.0,5.91,1070946652.44,30302464,1212.1,ULTY
