Ticker,Name,CUSIP,Weight,Market Value,Share Quantity,ETF Ticker,Date,Underlying_Ticker,Option_Strike,Option_Expiry,Option_Type,Underlying_Price,DTE,Moneyness
CASH,Cash & Other,,10.53,1685355.83,1685356,ULTI,2026-03-06,,,,,,,
RCAT,RED CAT HOLDINGS INC,75644T100,5.92,947139.0,64300,ULTI,2026-03-06,,,,,,,
AAOI,APPLIED OPTOELECTRONICS INC,03823U102,5.79,927303.0,9300,ULTI,2026-03-06,,,,,,,
LUNR,INTUITIVE MACHINES INC COMMON STOCK USD.0001,46125A100,5.38,860244.0,46200,ULTI,2026-03-06,,,,,,,
SEDG,SOLAREDGE TECHNOLOGIES INC,83417M104,5.19,830886.0,21900,ULTI,2026-03-06,,,,,,,
NBIS,Nebius Group NV,N97284108,5.13,821352.0,8400,ULTI,2026-03-06,,,,,,,
PL,PLANET LABS PBC,72703X106,5.1,816400.0,31400,ULTI,2026-03-06,,,,,,,
RKLB,ROCKET LAB CORP,773121108,5.08,812583.0,11300,ULTI,2026-03-06,,,,,,,
APLD,APPLIED DIGITAL CORP COMMON STOCK USD 0.001,038169207,5.05,807930.0,28200,ULTI,2026-03-06,,,,,,,
BE,BLOOM ENERGY CORP. CLASS A,093712107,5.05,807422.0,4900,ULTI,2026-03-06,,,,,,,
CIFR,CIPHER MINING INC COMMON STOCK USD1.0,17253J106,4.93,789168.0,49200,ULTI,2026-03-06,,,,,,,
OKLO,OKLO INC,02156V109,4.92,787800.0,12000,ULTI,2026-03-06,,,,,,,
RIOT,RIOT PLATFORMS INC.,767292105,4.87,778563.0,47100,ULTI,2026-03-06,,,,,,,
USAR,USA RARE EARTH INC A,91733P107,4.73,756400.0,40000,ULTI,2026-03-06,,,,,,,
LITE,LUMENTUM HOLDINGS INC,55024U109,4.68,748880.0,1100,ULTI,2026-03-06,,,,,,,
KLAR,KLARNA GROUP PLC,G5279N105,4.63,740922.0,54600,ULTI,2026-03-06,,,,,,,
WULF,TERAWULF INC,88080T104,4.52,723927.0,47100,ULTI,2026-03-06,,,,,,,
SNDK,SANDISK CORP/DE SNDKV,80004C200,4.49,718872.0,1200,ULTI,2026-03-06,,,,,,,
CORZ,CORE SCIENTIFIC INC,21874A106,4.47,715968.0,45200,ULTI,2026-03-06,,,,,,,
RUN,SUNRUN INC,86771W105,4.46,713162.0,58600,ULTI,2026-03-06,,,,,,,
ASTS,AST SPACEMOBILE INC CLASS A,00217D100,2.0,319285.16,3044,ULTI,2026-03-06,,,,,,,
OTHER,ASTS US 03/06/26 C91,,0.87,139392.0,96,ULTI,2026-03-06,,,,,,,
OTHER,RCAT US 03/06/26 C13,,0.74,118955.0,643,ULTI,2026-03-06,,,,,,,
OTHER,AAOI US 03/06/26 C90,,0.59,93930.0,93,ULTI,2026-03-06,,,,,,,
OTHER,LUNR US 03/06/26 C18,,0.29,46200.0,462,ULTI,2026-03-06,,,,,,,
OTHER,SEDG US 03/06/26 C37.5,,0.16,25185.0,219,ULTI,2026-03-06,,,,,,,
OTHER,NBIS US 03/06/26 C99,,0.13,20328.0,84,ULTI,2026-03-06,,,,,,,
OTHER,PL US 03/06/26 C26.5,,0.13,20410.0,314,ULTI,2026-03-06,,,,,,,
OTHER,APLD US 03/06/26 C29.5,,0.12,19176.0,282,ULTI,2026-03-06,,,,,,,
OTHER,RKLB US 03/06/26 C73,,0.12,20001.0,113,ULTI,2026-03-06,,,,,,,
OTHER,CIFR US 03/06/26 C17,,0.07,11808.0,492,ULTI,2026-03-06,,,,,,,
OTHER,BE US 03/06/26 C175,,0.07,11956.0,49,ULTI,2026-03-06,,,,,,,
OTHER,OKLO US 03/06/26 C69,,0.06,10200.0,120,ULTI,2026-03-06,,,,,,,
OTHER,KLAR US 03/06/26 C15,,0.05,8190.0,546,ULTI,2026-03-06,,,,,,,
OTHER,WULF US 03/06/26 P13.5,,0.05,7536.0,942,ULTI,2026-03-06,,,,,,,
OTHER,USAR US 03/06/26 C20.5,,0.04,6400.0,400,ULTI,2026-03-06,,,,,,,
OTHER,KLAR US 03/06/26 P12,,0.04,7098.0,546,ULTI,2026-03-06,,,,,,,
OTHER,LITE US 03/06/26 P605,,0.04,5676.0,11,ULTI,2026-03-06,,,,,,,
OTHER,RUN US 03/06/26 P11,,0.04,5860.0,1172,ULTI,2026-03-06,,,,,,,
OTHER,SNDK US 03/06/26 P530,,0.03,5304.0,24,ULTI,2026-03-06,,,,,,,
OTHER,RIOT US 03/06/26 C18,,0.03,4710.0,471,ULTI,2026-03-06,,,,,,,
OTHER,CORZ US 03/06/26 P13.5,,0.02,3616.0,904,ULTI,2026-03-06,,,,,,,
OTHER,LITE US 03/06/26 C755,,0.02,2750.0,11,ULTI,2026-03-06,,,,,,,
OTHER,CORZ US 03/06/26 C19.5,,0.02,2712.0,452,ULTI,2026-03-06,,,,,,,
OTHER,RIOT US 03/06/26 P14,,0.02,3768.0,942,ULTI,2026-03-06,,,,,,,
OTHER,AAOI US 03/06/26 P69,,0.02,2790.0,93,ULTI,2026-03-06,,,,,,,
OTHER,USAR US 03/06/26 P16.5,,0.01,1600.0,400,ULTI,2026-03-06,,,,,,,
OTHER,LUNR US 03/06/26 P14.5,,0.01,1848.0,462,ULTI,2026-03-06,,,,,,,
OTHER,CIFR US 03/06/26 P13,,0.01,1476.0,492,ULTI,2026-03-06,,,,,,,
OTHER,RCAT US 03/06/26 P11.5,,0.01,1929.0,643,ULTI,2026-03-06,,,,,,,
OTHER,WULF US 03/06/26 C18,,0.01,1413.0,471,ULTI,2026-03-06,,,,,,,
OTHER,BE US 03/06/26 P135,,0.01,1911.0,49,ULTI,2026-03-06,,,,,,,
OTHER,PL US 03/06/26 P21.5,,0.01,1570.0,314,ULTI,2026-03-06,,,,,,,
OTHER,APLD US 03/06/26 P23.5,,0.01,1410.0,282,ULTI,2026-03-06,,,,,,,
OTHER,NBIS US 03/06/26 P79,,0.01,1680.0,84,ULTI,2026-03-06,,,,,,,
OTHER,OKLO US 03/06/26 P55,,0.01,1560.0,120,ULTI,2026-03-06,,,,,,,
OTHER,SNDK US 03/06/26 C690,,0.0,564.0,12,ULTI,2026-03-06,,,,,,,
OTHER,SEDG US 03/06/26 P30.5,,0.0,219.0,219,ULTI,2026-03-06,,,,,,,
OTHER,ASTS US 03/06/26 P65,,0.0,576.0,192,ULTI,2026-03-06,,,,,,,
OTHER,RUN US 03/06/26 C14.5,,0.0,586.0,586,ULTI,2026-03-06,,,,,,,
OTHER,RKLB US 03/06/26 P59,,0.0,791.0,113,ULTI,2026-03-06,,,,,,,
OTHER,ASTS US 03/06/26 P78,,-0.01,-1152.0,-96,ULTI,2026-03-06,,,,,,,
OTHER,RUN US 03/06/26 C13,,-0.03,-5274.0,-586,ULTI,2026-03-06,,,,,,,
OTHER,OKLO US 03/06/26 P62,,-0.06,-10080.0,-120,ULTI,2026-03-06,,,,,,,
OTHER,SNDK US 03/06/26 C625,,-0.06,-9600.0,-12,ULTI,2026-03-06,,,,,,,
OTHER,WULF US 03/06/26 C16,,-0.08,-12246.0,-471,ULTI,2026-03-06,,,,,,,
OTHER,BE US 03/06/26 P155,,-0.09,-14357.0,-49,ULTI,2026-03-06,,,,,,,
OTHER,CORZ US 03/06/26 C16.5,,-0.09,-14916.0,-452,ULTI,2026-03-06,,,,,,,
OTHER,RIOT US 03/06/26 P16,,-0.1,-15543.0,-471,ULTI,2026-03-06,,,,,,,
OTHER,KLAR US 03/06/26 P13.5,,-0.14,-21840.0,-546,ULTI,2026-03-06,,,,,,,
OTHER,LITE US 03/06/26 C680,,-0.18,-29073.0,-11,ULTI,2026-03-06,,,,,,,
OTHER,KLAR US 03/06/26 C13.5,,-0.2,-32760.0,-546,ULTI,2026-03-06,,,,,,,
OTHER,WULF US 03/06/26 P16,,-0.22,-35325.0,-471,ULTI,2026-03-06,,,,,,,
OTHER,USAR US 03/06/26 C18.5,,-0.23,-36800.0,-400,ULTI,2026-03-06,,,,,,,
OTHER,RIOT US 03/06/26 C16,,-0.24,-38151.0,-471,ULTI,2026-03-06,,,,,,,
OTHER,CORZ US 03/06/26 P16.5,,-0.26,-41132.0,-452,ULTI,2026-03-06,,,,,,,
OTHER,SNDK US 03/06/26 P625,,-0.26,-42180.0,-12,ULTI,2026-03-06,,,,,,,
OTHER,RUN US 03/06/26 P13,,-0.31,-49810.0,-586,ULTI,2026-03-06,,,,,,,
OTHER,OKLO US 03/06/26 C62,,-0.35,-55800.0,-120,ULTI,2026-03-06,,,,,,,
OTHER,BE US 03/06/26 C155,,-0.37,-58653.0,-49,ULTI,2026-03-06,,,,,,,
OTHER,CIFR US 03/06/26 C15,,-0.42,-66420.0,-492,ULTI,2026-03-06,,,,,,,
OTHER,PL US 03/06/26 C24,,-0.42,-67510.0,-314,ULTI,2026-03-06,,,,,,,
OTHER,APLD US 03/06/26 C26.5,,-0.43,-69090.0,-282,ULTI,2026-03-06,,,,,,,
OTHER,RKLB US 03/06/26 C66,,-0.45,-72320.0,-113,ULTI,2026-03-06,,,,,,,
OTHER,NBIS US 03/06/26 C89,,-0.49,-78120.0,-84,ULTI,2026-03-06,,,,,,,
OTHER,SEDG US 03/06/26 C34,,-0.59,-94608.0,-219,ULTI,2026-03-06,,,,,,,
OTHER,LUNR US 03/06/26 C16,,-0.77,-122430.0,-462,ULTI,2026-03-06,,,,,,,
OTHER,RCAT US 03/06/26 C11.5,,-1.15,-184541.0,-643,ULTI,2026-03-06,,,,,,,
OTHER,AAOI US 03/06/26 C80,,-1.16,-186000.0,-93,ULTI,2026-03-06,,,,,,,
OTHER,ASTS US 03/06/26 C78,,-1.6,-255360.0,-96,ULTI,2026-03-06,,,,,,,
