Ticker,Name,Sector,Asset Class,Market Value,Weight (%),Notional Value,Share Quantity,Price,Location,Exchange,Currency,FX Rate,Market Currency,Accrual Date,ETF Ticker,Date
NVDA,NVIDIA CORP,Information Technology,Equity,58819224813.14,7.8,"58,819,224,813.14",309868427.0,189.82,United States,NASDAQ,USD,1.0,USD,-,IVV,2026-02-23
AAPL,APPLE INC,Information Technology,Equity,49853455808.72,6.61,"49,853,455,808.72",188424884.0,264.58,United States,NASDAQ,USD,1.0,USD,-,IVV,2026-02-23
MSFT,MICROSOFT CORP,Information Technology,Equity,37647903450.09,4.99,"37,647,903,450.09",94776083.0,397.23,United States,NASDAQ,USD,1.0,USD,-,IVV,2026-02-23
AMZN,AMAZON COM INC,Consumer Discretionary,Equity,26064263161.6,3.46,"26,064,263,161.60",124050560.0,210.11,United States,NASDAQ,USD,1.0,USD,-,IVV,2026-02-23
GOOGL,ALPHABET INC CLASS A,Communication,Equity,23368317378.1,3.1,"23,368,317,378.10",74189845.0,314.98,United States,NASDAQ,USD,1.0,USD,-,IVV,2026-02-23
AVGO,BROADCOM INC,Information Technology,Equity,20031746563.2,2.66,"20,031,746,563.20",60218688.0,332.65,United States,NASDAQ,USD,1.0,USD,-,IVV,2026-02-23
GOOG,ALPHABET INC CLASS C,Communication,Equity,18672332443.0,2.48,"18,672,332,443.00",59296070.0,314.90,United States,NASDAQ,USD,1.0,USD,-,IVV,2026-02-23
META,META PLATFORMS INC CLASS A,Communication,Equity,18208969850.2,2.41,"18,208,969,850.20",27771970.0,655.66,United States,NASDAQ,USD,1.0,USD,-,IVV,2026-02-23
TSLA,TESLA INC,Consumer Discretionary,Equity,14756237050.48,1.96,"14,756,237,050.48",35831764.0,411.82,United States,NASDAQ,USD,1.0,USD,-,IVV,2026-02-23
BRKB,BERKSHIRE HATHAWAY INC CLASS B,Financials,Equity,11649647245.0,1.54,"11,649,647,245.00",23383475.0,498.20,United States,NYSE,USD,1.0,USD,-,IVV,2026-02-23
JPM,JPMORGAN CHASE & CO,Financials,Equity,10788646581.38,1.43,"10,788,646,581.38",34713622.0,310.79,United States,NYSE,USD,1.0,USD,-,IVV,2026-02-23
LLY,ELI LILLY,Health Care,Equity,10222848756.4,1.36,"10,222,848,756.40",10126445.0,"1,009.52",United States,NYSE,USD,1.0,USD,-,IVV,2026-02-23
XOM,EXXON MOBIL CORP,Energy,Equity,7920178471.52,1.05,"7,920,178,471.52",53776334.0,147.28,United States,NYSE,USD,1.0,USD,-,IVV,2026-02-23
JNJ,JOHNSON & JOHNSON,Health Care,Equity,7449994323.57,0.99,"7,449,994,323.57",30722893.0,242.49,United States,NYSE,USD,1.0,USD,-,IVV,2026-02-23
V,VISA INC CLASS A,Financials,Equity,6906935149.8,0.92,"6,906,935,149.80",21520284.0,320.95,United States,NYSE,USD,1.0,USD,-,IVV,2026-02-23
WMT,WALMART INC,Consumer Staples,Equity,6877285576.63,0.91,"6,877,285,576.63",55917437.0,122.99,United States,NASDAQ,USD,1.0,USD,-,IVV,2026-02-23
MU,MICRON TECHNOLOGY INC,Information Technology,Equity,6128590742.84,0.81,"6,128,590,742.84",14313452.0,428.17,United States,NASDAQ,USD,1.0,USD,-,IVV,2026-02-23
COST,COSTCO WHOLESALE CORP,Consumer Staples,Equity,5568160789.62,0.74,"5,568,160,789.62",5651406.0,985.27,United States,NASDAQ,USD,1.0,USD,-,IVV,2026-02-23
MA,MASTERCARD INC CLASS A,Financials,Equity,5504108216.94,0.73,"5,504,108,216.94",10455934.0,526.41,United States,NYSE,USD,1.0,USD,-,IVV,2026-02-23
ABBV,ABBVIE INC,Health Care,Equity,5066599397.31,0.67,"5,066,599,397.31",22537251.0,224.81,United States,NYSE,USD,1.0,USD,-,IVV,2026-02-23
HD,HOME DEPOT INC,Consumer Discretionary,Equity,4851860260.5,0.64,"4,851,860,260.50",12692898.0,382.25,United States,NYSE,USD,1.0,USD,-,IVV,2026-02-23
PG,PROCTER & GAMBLE,Consumer Staples,Equity,4790846391.06,0.64,"4,790,846,391.06",29797527.0,160.78,United States,NYSE,USD,1.0,USD,-,IVV,2026-02-23
GE,GE AEROSPACE,Industrials,Equity,4616605198.86,0.61,"4,616,605,198.86",13450863.0,343.22,United States,NYSE,USD,1.0,USD,-,IVV,2026-02-23
BAC,BANK OF AMERICA CORP,Financials,Equity,4545663518.06,0.6,"4,545,663,518.06",85670251.0,53.06,United States,NYSE,USD,1.0,USD,-,IVV,2026-02-23
CAT,CATERPILLAR INC,Industrials,Equity,4533809229.2,0.6,"4,533,809,229.20",5967580.0,759.74,United States,NYSE,USD,1.0,USD,-,IVV,2026-02-23
CVX,CHEVRON CORP,Energy,Equity,4439231847.06,0.59,"4,439,231,847.06",24135442.0,183.93,United States,NYSE,USD,1.0,USD,-,IVV,2026-02-23
NFLX,NETFLIX INC,Communication,Equity,4250802621.79,0.56,"4,250,802,621.79",54033337.0,78.67,United States,NASDAQ,USD,1.0,USD,-,IVV,2026-02-23
AMD,ADVANCED MICRO DEVICES INC,Information Technology,Equity,4155204067.5,0.55,"4,155,204,067.50",20760450.0,200.15,United States,NASDAQ,USD,1.0,USD,-,IVV,2026-02-23
CSCO,CISCO SYSTEMS INC,Information Technology,Equity,3979900584.0,0.53,"3,979,900,584.00",50251270.0,79.20,United States,NASDAQ,USD,1.0,USD,-,IVV,2026-02-23
KO,COCA-COLA,Consumer Staples,Equity,3941536489.28,0.52,"3,941,536,489.28",49367942.0,79.84,United States,NYSE,USD,1.0,USD,-,IVV,2026-02-23
PLTR,PALANTIR TECHNOLOGIES INC CLASS A,Information Technology,Equity,3939458568.36,0.52,"3,939,458,568.36",29129389.0,135.24,United States,NASDAQ,USD,1.0,USD,-,IVV,2026-02-23
LRCX,LAM RESEARCH CORP,Information Technology,Equity,3922808694.48,0.52,"3,922,808,694.48",16016694.0,244.92,United States,NASDAQ,USD,1.0,USD,-,IVV,2026-02-23
MRK,MERCK & CO INC,Health Care,Equity,3869557486.58,0.51,"3,869,557,486.58",31650233.0,122.26,United States,NYSE,USD,1.0,USD,-,IVV,2026-02-23
AMAT,APPLIED MATERIAL INC,Information Technology,Equity,3813366049.16,0.51,"3,813,366,049.16",10158682.0,375.38,United States,NASDAQ,USD,1.0,USD,-,IVV,2026-02-23
PM,PHILIP MORRIS INTERNATIONAL INC,Consumer Staples,Equity,3640484131.2,0.48,"3,640,484,131.20",19849968.0,183.40,United States,NYSE,USD,1.0,USD,-,IVV,2026-02-23
WFC,WELLS FARGO,Financials,Equity,3550560591.6,0.47,"3,550,560,591.60",40028868.0,88.70,United States,NYSE,USD,1.0,USD,-,IVV,2026-02-23
GS,GOLDMAN SACHS GROUP INC,Financials,Equity,3527138236.16,0.47,"3,527,138,236.16",3824534.0,922.24,United States,NYSE,USD,1.0,USD,-,IVV,2026-02-23
RTX,RTX CORP,Industrials,Equity,3503560478.12,0.46,"3,503,560,478.12",17097211.0,204.92,United States,NYSE,USD,1.0,USD,-,IVV,2026-02-23
UNH,UNITEDHEALTH GROUP INC,Health Care,Equity,3349826830.0,0.44,"3,349,826,830.00",11551127.0,290.00,United States,NYSE,USD,1.0,USD,-,IVV,2026-02-23
ORCL,ORACLE CORP,Information Technology,Equity,3176023986.24,0.42,"3,176,023,986.24",21448028.0,148.08,United States,NYSE,USD,1.0,USD,-,IVV,2026-02-23
IBM,INTERNATIONAL BUSINESS MACHINES CO,Information Technology,Equity,3065241507.24,0.41,"3,065,241,507.24",11919589.0,257.16,United States,NYSE,USD,1.0,USD,-,IVV,2026-02-23
MCD,MCDONALDS CORP,Consumer Discretionary,Equity,2989803476.0,0.4,"2,989,803,476.00",9081200.0,329.23,United States,NYSE,USD,1.0,USD,-,IVV,2026-02-23
LIN,LINDE PLC,Materials,Equity,2956469788.02,0.39,"2,956,469,788.02",5954502.0,496.51,United States,NASDAQ,USD,1.0,USD,-,IVV,2026-02-23
PEP,PEPSICO INC,Consumer Staples,Equity,2875914457.5,0.38,"2,875,914,457.50",17436125.0,164.94,United States,NASDAQ,USD,1.0,USD,-,IVV,2026-02-23
GEV,GE VERNOVA INC,Industrials,Equity,2872802028.6,0.38,"2,872,802,028.60",3459790.0,830.34,United States,NYSE,USD,1.0,USD,-,IVV,2026-02-23
MS,MORGAN STANLEY,Financials,Equity,2701764452.88,0.36,"2,701,764,452.88",15402568.0,175.41,United States,NYSE,USD,1.0,USD,-,IVV,2026-02-23
VZ,VERIZON COMMUNICATIONS INC,Communication,Equity,2648025242.5,0.35,"2,648,025,242.50",53767010.0,49.25,United States,NYSE,USD,1.0,USD,-,IVV,2026-02-23
C,CITIGROUP INC,Financials,Equity,2646754484.0,0.35,"2,646,754,484.00",22816849.0,116.00,United States,NYSE,USD,1.0,USD,-,IVV,2026-02-23
AMGN,AMGEN INC,Health Care,Equity,2573274089.5,0.34,"2,573,274,089.50",6866642.0,374.75,United States,NASDAQ,USD,1.0,USD,-,IVV,2026-02-23
TXN,TEXAS INSTRUMENT INC,Information Technology,Equity,2545909555.28,0.34,"2,545,909,555.28",11586536.0,219.73,United States,NASDAQ,USD,1.0,USD,-,IVV,2026-02-23
T,AT&T INC,Communication,Equity,2529480528.72,0.34,"2,529,480,528.72",90403164.0,27.98,United States,NYSE,USD,1.0,USD,-,IVV,2026-02-23
INTC,INTEL CORPORATION CORP,Information Technology,Equity,2522051577.43,0.33,"2,522,051,577.43",57176413.0,44.11,United States,NASDAQ,USD,1.0,USD,-,IVV,2026-02-23
KLAC,KLA CORP,Information Technology,Equity,2506503120.0,0.33,"2,506,503,120.00",1675470.0,"1,496.00",United States,NASDAQ,USD,1.0,USD,-,IVV,2026-02-23
ABT,ABBOTT LABORATORIES,Health Care,Equity,2488112223.52,0.33,"2,488,112,223.52",22173712.0,112.21,United States,NYSE,USD,1.0,USD,-,IVV,2026-02-23
NEE,NEXTERA ENERGY INC,Utilities,Equity,2448026933.22,0.32,"2,448,026,933.22",26557029.0,92.18,United States,NYSE,USD,1.0,USD,-,IVV,2026-02-23
TMO,THERMO FISHER SCIENTIFIC INC,Health Care,Equity,2447836506.99,0.32,"2,447,836,506.99",4790943.0,510.93,United States,NYSE,USD,1.0,USD,-,IVV,2026-02-23
DIS,WALT DISNEY,Communication,Equity,2403596482.36,0.32,"2,403,596,482.36",22765642.0,105.58,United States,NYSE,USD,1.0,USD,-,IVV,2026-02-23
GILD,GILEAD SCIENCES INC,Health Care,Equity,2395292738.4,0.32,"2,395,292,738.40",15820956.0,151.40,United States,NASDAQ,USD,1.0,USD,-,IVV,2026-02-23
AXP,AMERICAN EXPRESS,Financials,Equity,2371849846.74,0.31,"2,371,849,846.74",6851493.0,346.18,United States,NYSE,USD,1.0,USD,-,IVV,2026-02-23
APH,AMPHENOL CORP CLASS A,Information Technology,Equity,2357555568.64,0.31,"2,357,555,568.64",15608816.0,151.04,United States,NYSE,USD,1.0,USD,-,IVV,2026-02-23
BA,BOEING,Industrials,Equity,2316904705.01,0.31,"2,316,904,705.01",9985367.0,232.03,United States,NYSE,USD,1.0,USD,-,IVV,2026-02-23
ISRG,INTUITIVE SURGICAL INC,Health Care,Equity,2278483425.6,0.3,"2,278,483,425.60",4520352.0,504.05,United States,NASDAQ,USD,1.0,USD,-,IVV,2026-02-23
CRM,SALESFORCE INC,Information Technology,Equity,2247799257.72,0.3,"2,247,799,257.72",12139767.0,185.16,United States,NYSE,USD,1.0,USD,-,IVV,2026-02-23
TJX,TJX INC,Consumer Discretionary,Equity,2245578798.95,0.3,"2,245,578,798.95",14191865.0,158.23,United States,NYSE,USD,1.0,USD,-,IVV,2026-02-23
ADI,ANALOG DEVICES INC,Information Technology,Equity,2227213604.33,0.3,"2,227,213,604.33",6273311.0,355.03,United States,NASDAQ,USD,1.0,USD,-,IVV,2026-02-23
DE,DEERE,Industrials,Equity,2123882653.41,0.28,"2,123,882,653.41",3205909.0,662.49,United States,NYSE,USD,1.0,USD,-,IVV,2026-02-23
UNP,UNION PACIFIC CORP,Industrials,Equity,2012756983.2,0.27,"2,012,756,983.20",7563912.0,266.10,United States,NYSE,USD,1.0,USD,-,IVV,2026-02-23
BLK,BLACKROCK INC,Financials,Equity,2012344626.52,0.27,"2,012,344,626.52",1840043.0,"1,093.64",United States,NYSE,USD,1.0,USD,-,IVV,2026-02-23
LOW,LOWES COMPANIES INC,Consumer Discretionary,Equity,2005017529.52,0.27,"2,005,017,529.52",7151582.0,280.36,United States,NYSE,USD,1.0,USD,-,IVV,2026-02-23
SCHW,CHARLES SCHWAB CORP,Financials,Equity,2002795558.14,0.27,"2,002,795,558.14",21299538.0,94.03,United States,NYSE,USD,1.0,USD,-,IVV,2026-02-23
HON,HONEYWELL INTERNATIONAL INC,Industrials,Equity,1975148671.99,0.26,"1,975,148,671.99",8095867.0,243.97,United States,NASDAQ,USD,1.0,USD,-,IVV,2026-02-23
UBER,UBER TECHNOLOGIES INC,Industrials,Equity,1957002758.46,0.26,"1,957,002,758.46",26496111.0,73.86,United States,NYSE,USD,1.0,USD,-,IVV,2026-02-23
QCOM,QUALCOMM INC,Information Technology,Equity,1951332877.6,0.26,"1,951,332,877.60",13657145.0,142.88,United States,NASDAQ,USD,1.0,USD,-,IVV,2026-02-23
PFE,PFIZER INC,Health Care,Equity,1932205163.2,0.26,"1,932,205,163.20",72503008.0,26.65,United States,NYSE,USD,1.0,USD,-,IVV,2026-02-23
ETN,EATON PLC,Industrials,Equity,1849300360.32,0.25,"1,849,300,360.32",4952864.0,373.38,United States,NYSE,USD,1.0,USD,-,IVV,2026-02-23
WELL,WELLTOWER INC,Real Estate,Equity,1822048067.88,0.24,"1,822,048,067.88",8751852.0,208.19,United States,NYSE,USD,1.0,USD,-,IVV,2026-02-23
ANET,ARISTA NETWORKS INC,Information Technology,Equity,1748548178.3,0.23,"1,748,548,178.30",13167770.0,132.79,United States,NYSE,USD,1.0,USD,-,IVV,2026-02-23
COP,CONOCOPHILLIPS,Energy,Equity,1741698359.94,0.23,"1,741,698,359.94",15757698.0,110.53,United States,NYSE,USD,1.0,USD,-,IVV,2026-02-23
LMT,LOCKHEED MARTIN CORP,Industrials,Equity,1709295842.88,0.23,"1,709,295,842.88",2596688.0,658.26,United States,NYSE,USD,1.0,USD,-,IVV,2026-02-23
ACN,ACCENTURE PLC CLASS A,Information Technology,Equity,1702965188.25,0.23,"1,702,965,188.25",7907895.0,215.35,United States,NYSE,USD,1.0,USD,-,IVV,2026-02-23
NEM,NEWMONT,Materials,Equity,1699501358.43,0.23,"1,699,501,358.43",13915511.0,122.13,United States,NYSE,USD,1.0,USD,-,IVV,2026-02-23
COF,CAPITAL ONE FINANCIAL CORP,Financials,Equity,1689615296.02,0.22,"1,689,615,296.02",8106781.0,208.42,United States,NYSE,USD,1.0,USD,-,IVV,2026-02-23
DHR,DANAHER CORP,Health Care,Equity,1679444389.5,0.22,"1,679,444,389.50",8016441.0,209.50,United States,NYSE,USD,1.0,USD,-,IVV,2026-02-23
PLD,PROLOGIS REIT INC,Real Estate,Equity,1676137553.58,0.22,"1,676,137,553.58",11844658.0,141.51,United States,NYSE,USD,1.0,USD,-,IVV,2026-02-23
BKNG,BOOKING HOLDINGS INC,Consumer Discretionary,Equity,1675638149.01,0.22,"1,675,638,149.01",411019.0,"4,076.79",United States,NASDAQ,USD,1.0,USD,-,IVV,2026-02-23
SYK,STRYKER CORP,Health Care,Equity,1668836694.37,0.22,"1,668,836,694.37",4389019.0,380.23,United States,NYSE,USD,1.0,USD,-,IVV,2026-02-23
SPGI,S&P GLOBAL INC,Financials,Equity,1650357304.68,0.22,"1,650,357,304.68",3953141.0,417.48,United States,NYSE,USD,1.0,USD,-,IVV,2026-02-23
PH,PARKER-HANNIFIN CORP,Industrials,Equity,1644859048.47,0.22,"1,644,859,048.47",1609089.0,"1,022.23",United States,NYSE,USD,1.0,USD,-,IVV,2026-02-23
MDT,MEDTRONIC PLC,Health Care,Equity,1584204384.6,0.21,"1,584,204,384.60",16355610.0,96.86,United States,NYSE,USD,1.0,USD,-,IVV,2026-02-23
BMY,BRISTOL MYERS SQUIBB,Health Care,Equity,1574699873.04,0.21,"1,574,699,873.04",25959444.0,60.66,United States,NYSE,USD,1.0,USD,-,IVV,2026-02-23
CB,CHUBB LTD,Financials,Equity,1547748470.7,0.21,"1,547,748,470.70",4667235.0,331.62,United States,NYSE,USD,1.0,USD,-,IVV,2026-02-23
VRTX,VERTEX PHARMACEUTICALS INC,Health Care,Equity,1542897878.5,0.2,"1,542,897,878.50",3235265.0,476.90,United States,NASDAQ,USD,1.0,USD,-,IVV,2026-02-23
PGR,PROGRESSIVE CORP,Financials,Equity,1526042077.28,0.2,"1,526,042,077.28",7477666.0,204.08,United States,NYSE,USD,1.0,USD,-,IVV,2026-02-23
PANW,PALO ALTO NETWORKS INC,Information Technology,Equity,1507272717.1,0.2,"1,507,272,717.10",10136333.0,148.70,United States,NASDAQ,USD,1.0,USD,-,IVV,2026-02-23
MCK,MCKESSON CORP,Health Care,Equity,1491296568.28,0.2,"1,491,296,568.28",1573961.0,947.48,United States,NYSE,USD,1.0,USD,-,IVV,2026-02-23
CMCSA,COMCAST CORP CLASS A,Communication,Equity,1452472169.56,0.19,"1,452,472,169.56",46345634.0,31.34,United States,NASDAQ,USD,1.0,USD,-,IVV,2026-02-23
MO,ALTRIA GROUP INC,Consumer Staples,Equity,1446404230.84,0.19,"1,446,404,230.84",21406012.0,67.57,United States,NYSE,USD,1.0,USD,-,IVV,2026-02-23
APP,APPLOVIN CORP CLASS A,Information Technology,Equity,1445201717.4,0.19,"1,445,201,717.40",3451805.0,418.68,United States,NASDAQ,USD,1.0,USD,-,IVV,2026-02-23
CME,CME GROUP INC CLASS A,Financials,Equity,1416683469.02,0.19,"1,416,683,469.02",4598278.0,308.09,United States,NASDAQ,USD,1.0,USD,-,IVV,2026-02-23
SBUX,STARBUCKS CORP,Consumer Discretionary,Equity,1413353085.84,0.19,"1,413,353,085.84",14497416.0,97.49,United States,NASDAQ,USD,1.0,USD,-,IVV,2026-02-23
BSX,BOSTON SCIENTIFIC CORP,Health Care,Equity,1409841525.84,0.19,"1,409,841,525.84",18903748.0,74.58,United States,NYSE,USD,1.0,USD,-,IVV,2026-02-23
GLW,CORNING INC,Information Technology,Equity,1387964063.5,0.18,"1,387,964,063.50",9948850.0,139.51,United States,NYSE,USD,1.0,USD,-,IVV,2026-02-23
ADBE,ADOBE INC,Information Technology,Equity,1380437680.93,0.18,"1,380,437,680.93",5337913.0,258.61,United States,NASDAQ,USD,1.0,USD,-,IVV,2026-02-23
NOW,SERVICENOW INC,Information Technology,Equity,1379377194.46,0.18,"1,379,377,194.46",13228898.0,104.27,United States,NYSE,USD,1.0,USD,-,IVV,2026-02-23
INTU,INTUIT INC,Information Technology,Equity,1352970556.65,0.18,"1,352,970,556.65",3555303.0,380.55,United States,NASDAQ,USD,1.0,USD,-,IVV,2026-02-23
SO,SOUTHERN,Utilities,Equity,1324063753.9,0.18,"1,324,063,753.90",14040973.0,94.30,United States,NYSE,USD,1.0,USD,-,IVV,2026-02-23
HWM,HOWMET AEROSPACE INC,Industrials,Equity,1323298831.8,0.18,"1,323,298,831.80",5127078.0,258.10,United States,NYSE,USD,1.0,USD,-,IVV,2026-02-23
TMUS,T MOBILE US INC,Communication,Equity,1321411008.96,0.18,"1,321,411,008.96",6132976.0,215.46,United States,NASDAQ,USD,1.0,USD,-,IVV,2026-02-23
TT,TRANE TECHNOLOGIES PLC,Industrials,Equity,1320799550.56,0.18,"1,320,799,550.56",2827538.0,467.12,United States,NYSE,USD,1.0,USD,-,IVV,2026-02-23
DUK,DUKE ENERGY CORP,Utilities,Equity,1257229210.38,0.17,"1,257,229,210.38",9916621.0,126.78,United States,NYSE,USD,1.0,USD,-,IVV,2026-02-23
WDC,WESTERN DIGITAL CORP,Information Technology,Equity,1244825514.08,0.17,"1,244,825,514.08",4359854.0,285.52,United States,NASDAQ,USD,1.0,USD,-,IVV,2026-02-23
CRWD,CROWDSTRIKE HOLDINGS INC CLASS A,Information Technology,Equity,1243563911.8,0.16,"1,243,563,911.80",3200113.0,388.60,United States,NASDAQ,USD,1.0,USD,-,IVV,2026-02-23
CVS,CVS HEALTH CORP,Health Care,Equity,1241422365.91,0.16,"1,241,422,365.91",16187539.0,76.69,United States,NYSE,USD,1.0,USD,-,IVV,2026-02-23
NOC,NORTHROP GRUMMAN CORP,Industrials,Equity,1237745613.48,0.16,"1,237,745,613.48",1710633.0,723.56,United States,NYSE,USD,1.0,USD,-,IVV,2026-02-23
SNDK,SANDISK CORP,Information Technology,Equity,1223417731.96,0.16,"1,223,417,731.96",1882268.0,649.97,United States,NASDAQ,USD,1.0,USD,-,IVV,2026-02-23
FCX,FREEPORT MCMORAN INC,Materials,Equity,1178104583.06,0.16,"1,178,104,583.06",18310609.0,64.34,United States,NYSE,USD,1.0,USD,-,IVV,2026-02-23
CEG,CONSTELLATION ENERGY CORP,Utilities,Equity,1174120103.52,0.16,"1,174,120,103.52",3982228.0,294.84,United States,NASDAQ,USD,1.0,USD,-,IVV,2026-02-23
PNC,PNC FINANCIAL SERVICES GROUP INC,Financials,Equity,1164994208.43,0.15,"1,164,994,208.43",5000619.0,232.97,United States,NYSE,USD,1.0,USD,-,IVV,2026-02-23
USB,US BANCORP,Financials,Equity,1162746788.0,0.15,"1,162,746,788.00",19821800.0,58.66,United States,NYSE,USD,1.0,USD,-,IVV,2026-02-23
EQIX,EQUINIX REIT INC,Real Estate,Equity,1162115302.41,0.15,"1,162,115,302.41",1252131.0,928.11,United States,NASDAQ,USD,1.0,USD,-,IVV,2026-02-23
STX,SEAGATE TECHNOLOGY HOLDINGS PLC,Information Technology,Equity,1142126479.83,0.15,"1,142,126,479.83",2778153.0,411.11,United States,NASDAQ,USD,1.0,USD,-,IVV,2026-02-23
BX,BLACKSTONE INC,Financials,Equity,1141954841.37,0.15,"1,141,954,841.37",9416631.0,121.27,United States,NYSE,USD,1.0,USD,-,IVV,2026-02-23
WMB,WILLIAMS INC,Energy,Equity,1136495427.06,0.15,"1,136,495,427.06",15572697.0,72.98,United States,NYSE,USD,1.0,USD,-,IVV,2026-02-23
GD,GENERAL DYNAMICS CORP,Industrials,Equity,1136167216.5,0.15,"1,136,167,216.50",3233075.0,351.42,United States,NYSE,USD,1.0,USD,-,IVV,2026-02-23
MMM,3M,Industrials,Equity,1131676468.32,0.15,"1,131,676,468.32",6774072.0,167.06,United States,NYSE,USD,1.0,USD,-,IVV,2026-02-23
JCI,JOHNSON CONTROLS INTERNATIONAL PLC,Industrials,Equity,1120557626.85,0.15,"1,120,557,626.85",7793015.0,143.79,United States,NYSE,USD,1.0,USD,-,IVV,2026-02-23
MRSH,MARSH INC,Financials,Equity,1120242703.72,0.15,"1,120,242,703.72",6247171.0,179.32,United States,NYSE,USD,1.0,USD,-,IVV,2026-02-23
ICE,INTERCONTINENTAL EXCHANGE INC,Financials,Equity,1119767283.44,0.15,"1,119,767,283.44",7270744.0,154.01,United States,NYSE,USD,1.0,USD,-,IVV,2026-02-23
AMT,AMERICAN TOWER REIT CORP,Real Estate,Equity,1118189564.37,0.15,"1,118,189,564.37",5969727.0,187.31,United States,NYSE,USD,1.0,USD,-,IVV,2026-02-23
ADP,AUTOMATIC DATA PROCESSING INC,Industrials,Equity,1106110151.64,0.15,"1,106,110,151.64",5157412.0,214.47,United States,NASDAQ,USD,1.0,USD,-,IVV,2026-02-23
UPS,UNITED PARCEL SERVICE INC CLASS B,Industrials,Equity,1099988579.34,0.15,"1,099,988,579.34",9423358.0,116.73,United States,NYSE,USD,1.0,USD,-,IVV,2026-02-23
WM,WASTE MANAGEMENT INC,Industrials,Equity,1088512540.83,0.14,"1,088,512,540.83",4726293.0,230.31,United States,NYSE,USD,1.0,USD,-,IVV,2026-02-23
HCA,HCA HEALTHCARE INC,Health Care,Equity,1084191833.8,0.14,"1,084,191,833.80",2036806.0,532.30,United States,NYSE,USD,1.0,USD,-,IVV,2026-02-23
FDX,FEDEX CORP,Industrials,Equity,1075373631.36,0.14,"1,075,373,631.36",2768157.0,388.48,United States,NYSE,USD,1.0,USD,-,IVV,2026-02-23
EMR,EMERSON ELECTRIC,Industrials,Equity,1064704911.42,0.14,"1,064,704,911.42",7163941.0,148.62,United States,NYSE,USD,1.0,USD,-,IVV,2026-02-23
SHW,SHERWIN WILLIAMS,Materials,Equity,1060184040.93,0.14,"1,060,184,040.93",2939811.0,360.63,United States,NYSE,USD,1.0,USD,-,IVV,2026-02-23
CRH,CRH PUBLIC LIMITED PLC,Materials,Equity,1060198161.12,0.14,"1,060,198,161.12",8547228.0,124.04,United States,NYSE,USD,1.0,USD,-,IVV,2026-02-23
BK,BANK OF NEW YORK MELLON CORP,Financials,Equity,1051004102.24,0.14,"1,051,004,102.24",8892496.0,118.19,United States,NYSE,USD,1.0,USD,-,IVV,2026-02-23
PWR,QUANTA SERVICES INC,Industrials,Equity,1050909517.68,0.14,"1,050,909,517.68",1901548.0,552.66,United States,NYSE,USD,1.0,USD,-,IVV,2026-02-23
CMI,CUMMINS INC,Industrials,Equity,1044276030.72,0.14,"1,044,276,030.72",1760174.0,593.28,United States,NYSE,USD,1.0,USD,-,IVV,2026-02-23
SNPS,SYNOPSYS INC,Information Technology,Equity,1042037044.66,0.14,"1,042,037,044.66",2368589.0,439.94,United States,NASDAQ,USD,1.0,USD,-,IVV,2026-02-23
CDNS,CADENCE DESIGN SYSTEMS INC,Information Technology,Equity,1028421359.64,0.14,"1,028,421,359.64",3471113.0,296.28,United States,NASDAQ,USD,1.0,USD,-,IVV,2026-02-23
RCL,ROYAL CARIBBEAN GROUP LTD,Consumer Discretionary,Equity,1019074475.97,0.14,"1,019,074,475.97",3234233.0,315.09,United States,NYSE,USD,1.0,USD,-,IVV,2026-02-23
ORLY,OREILLY AUTOMOTIVE INC,Consumer Discretionary,Equity,1006421938.5,0.13,"1,006,421,938.50",10763871.0,93.50,United States,NASDAQ,USD,1.0,USD,"Jan 01, 1970",IVV,2026-02-23
CSX,CSX CORP,Industrials,Equity,1004675912.9,0.13,"1,004,675,912.90",23745590.0,42.31,United States,NASDAQ,USD,1.0,USD,-,IVV,2026-02-23
REGN,REGENERON PHARMACEUTICALS INC,Health Care,Equity,1001994459.84,0.13,"1,001,994,459.84",1285152.0,779.67,United States,NASDAQ,USD,1.0,USD,-,IVV,2026-02-23
ITW,ILLINOIS TOOL INC,Industrials,Equity,992977309.94,0.13,"992,977,309.94",3366253.0,294.98,United States,NYSE,USD,1.0,USD,-,IVV,2026-02-23
NKE,NIKE INC CLASS B,Consumer Discretionary,Equity,991852149.0,0.13,"991,852,149.00",15165935.0,65.40,United States,NYSE,USD,1.0,USD,-,IVV,2026-02-23
ECL,ECOLAB INC,Materials,Equity,988711924.96,0.13,"988,711,924.96",3250631.0,304.16,United States,NYSE,USD,1.0,USD,-,IVV,2026-02-23
MAR,MARRIOTT INTERNATIONAL INC CLASS A,Consumer Discretionary,Equity,988226622.79,0.13,"988,226,622.79",2840303.0,347.93,United States,NASDAQ,USD,1.0,USD,-,IVV,2026-02-23
MSI,MOTOROLA SOLUTIONS INC,Information Technology,Equity,982818017.68,0.13,"982,818,017.68",2123818.0,462.76,United States,NYSE,USD,1.0,USD,-,IVV,2026-02-23
CL,COLGATE-PALMOLIVE,Consumer Staples,Equity,977404530.79,0.13,"977,404,530.79",10278731.0,95.09,United States,NYSE,USD,1.0,USD,-,IVV,2026-02-23
ELV,ELEVANCE HEALTH INC,Health Care,Equity,971851274.52,0.13,"971,851,274.52",2833964.0,342.93,United States,NYSE,USD,1.0,USD,-,IVV,2026-02-23
GM,GENERAL MOTORS,Consumer Discretionary,Equity,969616469.25,0.13,"969,616,469.25",11895675.0,81.51,United States,NYSE,USD,1.0,USD,-,IVV,2026-02-23
SLB,SLB NV,Energy,Equity,968698398.6,0.13,"968,698,398.60",19050116.0,50.85,United States,NYSE,USD,1.0,USD,-,IVV,2026-02-23
MDLZ,MONDELEZ INTERNATIONAL INC CLASS A,Consumer Staples,Equity,967521895.2,0.13,"967,521,895.20",16454454.0,58.80,United States,NASDAQ,USD,1.0,USD,-,IVV,2026-02-23
TDG,TRANSDIGM GROUP INC,Industrials,Equity,961269809.76,0.13,"961,269,809.76",717912.0,"1,338.98",United States,NYSE,USD,1.0,USD,-,IVV,2026-02-23
CI,CIGNA,Health Care,Equity,954848824.93,0.13,"954,848,824.93",3406403.0,280.31,United States,NYSE,USD,1.0,USD,-,IVV,2026-02-23
HLT,HILTON WORLDWIDE HOLDINGS INC,Consumer Discretionary,Equity,936498172.92,0.12,"936,498,172.92",2963977.0,315.96,United States,NYSE,USD,1.0,USD,-,IVV,2026-02-23
WBD,WARNER BROS. DISCOVERY INC SERIES,Communication,Equity,908457507.5,0.12,"908,457,507.50",31598522.0,28.75,United States,NASDAQ,USD,1.0,USD,-,IVV,2026-02-23
NSC,NORFOLK SOUTHERN CORP,Industrials,Equity,904860522.0,0.12,"904,860,522.00",2861400.0,316.23,United States,NYSE,USD,1.0,USD,-,IVV,2026-02-23
COR,CENCORA INC,Health Care,Equity,892724442.84,0.12,"892,724,442.84",2472373.0,361.08,United States,NYSE,USD,1.0,USD,-,IVV,2026-02-23
AON,AON PLC CLASS A,Financials,Equity,890944704.46,0.12,"890,944,704.46",2740778.0,325.07,United States,NYSE,USD,1.0,USD,-,IVV,2026-02-23
KKR,KKR AND CO INC,Financials,Equity,885530294.22,0.12,"885,530,294.22",8752029.0,101.18,United States,NYSE,USD,1.0,USD,-,IVV,2026-02-23
AEP,AMERICAN ELECTRIC POWER INC,Utilities,Equity,883036410.42,0.12,"883,036,410.42",6825666.0,129.37,United States,NASDAQ,USD,1.0,USD,-,IVV,2026-02-23
TEL,TE CONNECTIVITY PLC,Information Technology,Equity,880584430.94,0.12,"880,584,430.94",3751478.0,234.73,United States,NYSE,USD,1.0,USD,-,IVV,2026-02-23
MCO,MOODYS CORP,Financials,Equity,876115048.0,0.12,"876,115,048.00",1956400.0,447.82,United States,NYSE,USD,1.0,USD,-,IVV,2026-02-23
CTAS,CINTAS CORP,Industrials,Equity,871255716.86,0.12,"871,255,716.86",4355843.0,200.02,United States,NASDAQ,USD,1.0,USD,-,IVV,2026-02-23
TRV,TRAVELERS COMPANIES INC,Financials,Equity,867329170.15,0.12,"867,329,170.15",2844355.0,304.93,United States,NYSE,USD,1.0,USD,-,IVV,2026-02-23
PCAR,PACCAR INC,Industrials,Equity,860344920.96,0.11,"860,344,920.96",6697376.0,128.46,United States,NASDAQ,USD,1.0,USD,-,IVV,2026-02-23
TFC,TRUIST FINANCIAL CORP,Financials,Equity,853477377.12,0.11,"853,477,377.12",16312641.0,52.32,United States,NYSE,USD,1.0,USD,-,IVV,2026-02-23
EOG,EOG RESOURCES INC,Energy,Equity,851591873.88,0.11,"851,591,873.88",6919011.0,123.08,United States,NYSE,USD,1.0,USD,-,IVV,2026-02-23
LHX,L3HARRIS TECHNOLOGIES INC,Industrials,Equity,849471182.38,0.11,"849,471,182.38",2385217.0,356.14,United States,NYSE,USD,1.0,USD,-,IVV,2026-02-23
DASH,DOORDASH INC CLASS A,Consumer Discretionary,Equity,840366496.95,0.11,"840,366,496.95",4766955.0,176.29,United States,NASDAQ,USD,1.0,USD,-,IVV,2026-02-23
SPG,SIMON PROPERTY GROUP REIT INC,Real Estate,Equity,839676696.6,0.11,"839,676,696.60",4162998.0,201.70,United States,NYSE,USD,1.0,USD,-,IVV,2026-02-23
ROST,ROSS STORES INC,Consumer Discretionary,Equity,835470361.8,0.11,"835,470,361.80",4147284.0,201.45,United States,NASDAQ,USD,1.0,USD,-,IVV,2026-02-23
KMI,KINDER MORGAN INC,Energy,Equity,817114989.06,0.11,"817,114,989.06",24965322.0,32.73,United States,NYSE,USD,1.0,USD,-,IVV,2026-02-23
PSX,PHILLIPS,Energy,Equity,800235089.5,0.11,"800,235,089.50",5137946.0,155.75,United States,NYSE,USD,1.0,USD,-,IVV,2026-02-23
APD,AIR PRODUCTS AND CHEMICALS INC,Materials,Equity,797992495.34,0.11,"797,992,495.34",2838013.0,281.18,United States,NYSE,USD,1.0,USD,-,IVV,2026-02-23
AZO,AUTOZONE INC,Consumer Discretionary,Equity,794892408.6,0.11,"794,892,408.60",212055.0,"3,748.52",United States,NYSE,USD,1.0,USD,-,IVV,2026-02-23
BKR,BAKER HUGHES CLASS A,Energy,Equity,782792100.39,0.1,"782,792,100.39",12583059.0,62.21,United States,NASDAQ,USD,1.0,USD,-,IVV,2026-02-23
VLO,VALERO ENERGY CORP,Energy,Equity,780820284.72,0.1,"780,820,284.72",3889322.0,200.76,United States,NYSE,USD,1.0,USD,-,IVV,2026-02-23
SRE,SEMPRA,Utilities,Equity,778605891.75,0.1,"778,605,891.75",8322885.0,93.55,United States,NYSE,USD,1.0,USD,-,IVV,2026-02-23
O,REALTY INCOME REIT CORP,Real Estate,Equity,775845150.58,0.1,"775,845,150.58",11730347.0,66.14,United States,NYSE,USD,1.0,USD,-,IVV,2026-02-23
HOOD,ROBINHOOD MARKETS INC CLASS A,Financials,Equity,763194014.43,0.1,"763,194,014.43",10027513.0,76.11,United States,NASDAQ,USD,1.0,USD,-,IVV,2026-02-23
MNST,MONSTER BEVERAGE CORP,Consumer Staples,Equity,761780196.72,0.1,"761,780,196.72",9094797.0,83.76,United States,NASDAQ,USD,1.0,USD,-,IVV,2026-02-23
MPC,MARATHON PETROLEUM CORP,Energy,Equity,754222793.12,0.1,"754,222,793.12",3833212.0,196.76,United States,NYSE,USD,1.0,USD,-,IVV,2026-02-23
NXPI,NXP SEMICONDUCTORS NV,Information Technology,Equity,744686653.75,0.1,"744,686,653.75",3206125.0,232.27,United States,NASDAQ,USD,1.0,USD,-,IVV,2026-02-23
URI,UNITED RENTALS INC,Industrials,Equity,737688218.4,0.1,"737,688,218.40",811440.0,909.11,United States,NYSE,USD,1.0,USD,-,IVV,2026-02-23
MPWR,MONOLITHIC POWER SYSTEMS INC,Information Technology,Equity,735594322.8,0.1,"735,594,322.80",610908.0,"1,204.10",United States,NASDAQ,USD,1.0,USD,-,IVV,2026-02-23
ZTS,ZOETIS INC CLASS A,Health Care,Equity,723695565.06,0.1,"723,695,565.06",5619627.0,128.78,United States,NYSE,USD,1.0,USD,-,IVV,2026-02-23
DLR,DIGITAL REALTY TRUST REIT INC,Real Estate,Equity,723354845.76,0.1,"723,354,845.76",4117457.0,175.68,United States,NYSE,USD,1.0,USD,-,IVV,2026-02-23
D,DOMINION ENERGY INC,Utilities,Equity,718230590.76,0.1,"718,230,590.76",10888881.0,65.96,United States,NYSE,USD,1.0,USD,-,IVV,2026-02-23
AJG,ARTHUR J GALLAGHER,Financials,Equity,709023483.84,0.09,"709,023,483.84",3274784.0,216.51,United States,NYSE,USD,1.0,USD,-,IVV,2026-02-23
APO,APOLLO GLOBAL MANAGEMENT INC,Financials,Equity,708876606.12,0.09,"708,876,606.12",5921121.0,119.72,United States,NYSE,USD,1.0,USD,-,IVV,2026-02-23
OKE,ONEOK INC,Energy,Equity,700517507.67,0.09,"700,517,507.67",8021499.0,87.33,United States,NYSE,USD,1.0,USD,-,IVV,2026-02-23
F,FORD MOTOR CO,Consumer Discretionary,Equity,699182905.89,0.09,"699,182,905.89",49905989.0,14.01,United States,NYSE,USD,1.0,USD,-,IVV,2026-02-23
VST,VISTRA CORP,Utilities,Equity,696135786.6,0.09,"696,135,786.60",4061469.0,171.40,United States,NYSE,USD,1.0,USD,-,IVV,2026-02-23
ABNB,AIRBNB INC CLASS A,Consumer Discretionary,Equity,693580593.51,0.09,"693,580,593.51",5423259.0,127.89,United States,NASDAQ,USD,1.0,USD,-,IVV,2026-02-23
ALL,ALLSTATE CORP,Financials,Equity,688646371.5,0.09,"688,646,371.50",3336950.0,206.37,United States,NYSE,USD,1.0,USD,-,IVV,2026-02-23
AFL,AFLAC INC,Financials,Equity,685899686.43,0.09,"685,899,686.43",6015081.0,114.03,United States,NYSE,USD,1.0,USD,-,IVV,2026-02-23
AME,AMETEK INC,Industrials,Equity,685462533.74,0.09,"685,462,533.74",2935474.0,233.51,United States,NYSE,USD,1.0,USD,-,IVV,2026-02-23
CAH,CARDINAL HEALTH INC,Health Care,Equity,680003823.2,0.09,"680,003,823.20",3029780.0,224.44,United States,NYSE,USD,1.0,USD,-,IVV,2026-02-23
BDX,BECTON DICKINSON,Health Care,Equity,677595815.25,0.09,"677,595,815.25",3654975.0,185.39,United States,NYSE,USD,1.0,USD,-,IVV,2026-02-23
FAST,FASTENAL,Industrials,Equity,676638152.2,0.09,"676,638,152.20",14639510.0,46.22,United States,NASDAQ,USD,1.0,USD,-,IVV,2026-02-23
TGT,TARGET CORP,Consumer Staples,Equity,676149352.83,0.09,"676,149,352.83",5794407.0,116.69,United States,NYSE,USD,1.0,USD,-,IVV,2026-02-23
CTVA,CORTEVA INC,Materials,Equity,657540300.69,0.09,"657,540,300.69",8616699.0,76.31,United States,NYSE,USD,1.0,USD,-,IVV,2026-02-23
FIX,COMFORT SYSTEMS USA INC,Industrials,Equity,656109912.15,0.09,"656,109,912.15",448705.0,"1,462.23",United States,NYSE,USD,1.0,USD,-,IVV,2026-02-23
TER,TERADYNE INC,Information Technology,Equity,648718628.15,0.09,"648,718,628.15",1996979.0,324.85,United States,NASDAQ,USD,1.0,USD,-,IVV,2026-02-23
CARR,CARRIER GLOBAL CORP,Industrials,Equity,647518378.74,0.09,"647,518,378.74",10095391.0,64.14,United States,NYSE,USD,1.0,USD,-,IVV,2026-02-23
IDXX,IDEXX LABORATORIES INC,Health Care,Equity,647229012.0,0.09,"647,229,012.00",1018200.0,635.66,United States,NASDAQ,USD,1.0,USD,-,IVV,2026-02-23
FTNT,FORTINET INC,Information Technology,Equity,644834400.0,0.09,"644,834,400.00",8060430.0,80.00,United States,NASDAQ,USD,1.0,USD,-,IVV,2026-02-23
TRGP,TARGA RESOURCES CORP,Energy,Equity,633258160.5,0.08,"633,258,160.50",2737230.0,231.35,United States,NYSE,USD,1.0,USD,-,IVV,2026-02-23
CMG,CHIPOTLE MEXICAN GRILL INC,Consumer Discretionary,Equity,632977293.86,0.08,"632,977,293.86",16861409.0,37.54,United States,NYSE,USD,1.0,USD,-,IVV,2026-02-23
GWW,WW GRAINGER INC,Industrials,Equity,628635690.27,0.08,"628,635,690.27",557761.0,"1,127.07",United States,NYSE,USD,1.0,USD,-,IVV,2026-02-23
ADSK,AUTODESK INC,Information Technology,Equity,616495838.4,0.08,"616,495,838.40",2716080.0,226.98,United States,NASDAQ,USD,1.0,USD,-,IVV,2026-02-23
EXC,EXELON CORP,Utilities,Equity,615682918.89,0.08,"615,682,918.89",12883091.0,47.79,United States,NASDAQ,USD,1.0,USD,-,IVV,2026-02-23
XEL,XCEL ENERGY INC,Utilities,Equity,615152119.05,0.08,"615,152,119.05",7543251.0,81.55,United States,NASDAQ,USD,1.0,USD,-,IVV,2026-02-23
FITB,FIFTH THIRD BANCORP,Financials,Equity,614751316.06,0.08,"614,751,316.06",11464963.0,53.62,United States,NASDAQ,USD,1.0,USD,-,IVV,2026-02-23
PSA,PUBLIC STORAGE REIT,Real Estate,Equity,614208695.0,0.08,"614,208,695.00",2013799.0,305.00,United States,NYSE,USD,1.0,USD,-,IVV,2026-02-23
USD,USD CASH,Cash and/or Derivatives,Cash,608686924.88,0.08,"608,686,924.88",608686925.0,100.00,United States,-,USD,1.0,USD,-,IVV,2026-02-23
CVNA,CARVANA CLASS A,Consumer Discretionary,Equity,607047716.44,0.08,"607,047,716.44",1803362.0,336.62,United States,NYSE,USD,1.0,USD,-,IVV,2026-02-23
CIEN,CIENA CORP,Information Technology,Equity,602415613.8,0.08,"602,415,613.80",1798524.0,334.95,United States,NYSE,USD,1.0,USD,-,IVV,2026-02-23
ETR,ENTERGY CORP,Utilities,Equity,592393067.84,0.08,"592,393,067.84",5694992.0,104.02,United States,NYSE,USD,1.0,USD,-,IVV,2026-02-23
EW,EDWARDS LIFESCIENCES CORP,Health Care,Equity,590355405.76,0.08,"590,355,405.76",7399792.0,79.78,United States,NYSE,USD,1.0,USD,-,IVV,2026-02-23
YUM,YUM BRANDS INC,Consumer Discretionary,Equity,578264638.44,0.08,"578,264,638.44",3540468.0,163.33,United States,NYSE,USD,1.0,USD,-,IVV,2026-02-23
WAB,WESTINGHOUSE AIR BRAKE TECHNOLOGIE,Industrials,Equity,577226489.94,0.08,"577,226,489.94",2180023.0,264.78,United States,NYSE,USD,1.0,USD,-,IVV,2026-02-23
DAL,DELTA AIR LINES INC,Industrials,Equity,574353864.0,0.08,"574,353,864.00",8271225.0,69.44,United States,NYSE,USD,1.0,USD,-,IVV,2026-02-23
EA,ELECTRONIC ARTS INC,Communication,Equity,573624158.4,0.08,"573,624,158.40",2862396.0,200.40,United States,NASDAQ,USD,1.0,USD,-,IVV,2026-02-23
DHI,D R HORTON INC,Consumer Discretionary,Equity,573153978.32,0.08,"573,153,978.32",3492286.0,164.12,United States,NYSE,USD,1.0,USD,-,IVV,2026-02-23
ROK,ROCKWELL AUTOMATION INC,Industrials,Equity,570926905.92,0.08,"570,926,905.92",1431648.0,398.79,United States,NYSE,USD,1.0,USD,-,IVV,2026-02-23
RSG,REPUBLIC SERVICES INC,Industrials,Equity,563201441.0,0.07,"563,201,441.00",2565838.0,219.50,United States,NYSE,USD,1.0,USD,-,IVV,2026-02-23
AMP,AMERIPRISE FINANCE INC,Financials,Equity,559001234.07,0.07,"559,001,234.07",1185103.0,471.69,United States,NYSE,USD,1.0,USD,-,IVV,2026-02-23
MET,METLIFE INC,Financials,Equity,558266522.1,0.07,"558,266,522.10",7057731.0,79.10,United States,NYSE,USD,1.0,USD,-,IVV,2026-02-23
AIG,AMERICAN INTERNATIONAL GROUP INC,Financials,Equity,553470878.92,0.07,"553,470,878.92",6880543.0,80.44,United States,NYSE,USD,1.0,USD,-,IVV,2026-02-23
SYY,SYSCO CORP,Consumer Staples,Equity,550369561.61,0.07,"550,369,561.61",6106397.0,90.13,United States,NYSE,USD,1.0,USD,-,IVV,2026-02-23
CBRE,CBRE GROUP INC CLASS A,Real Estate,Equity,549510884.15,0.07,"549,510,884.15",3737915.0,147.01,United States,NYSE,USD,1.0,USD,-,IVV,2026-02-23
PEG,PUBLIC SERVICE ENTERPRISE GROUP IN,Utilities,Equity,544665714.36,0.07,"544,665,714.36",6365148.0,85.57,United States,NYSE,USD,1.0,USD,-,IVV,2026-02-23
MCHP,MICROCHIP TECHNOLOGY INC,Information Technology,Equity,535694794.74,0.07,"535,694,794.74",6891738.0,77.73,United States,NASDAQ,USD,1.0,USD,-,IVV,2026-02-23
KEYS,KEYSIGHT TECHNOLOGIES INC,Information Technology,Equity,533687954.58,0.07,"533,687,954.58",2191377.0,243.54,United States,NYSE,USD,1.0,USD,-,IVV,2026-02-23
MLM,MARTIN MARIETTA MATERIALS INC,Materials,Equity,527539305.5,0.07,"527,539,305.50",769075.0,685.94,United States,NYSE,USD,1.0,USD,-,IVV,2026-02-23
NUE,NUCOR CORP,Materials,Equity,525333983.6,0.07,"525,333,983.60",2918360.0,180.01,United States,NYSE,USD,1.0,USD,-,IVV,2026-02-23
MSCI,MSCI INC,Financials,Equity,520810665.69,0.07,"520,810,665.69",957179.0,544.11,United States,NYSE,USD,1.0,USD,-,IVV,2026-02-23
GRMN,GARMIN LTD,Consumer Discretionary,Equity,518938330.3,0.07,"518,938,330.30",2084927.0,248.90,United States,NYSE,USD,1.0,USD,-,IVV,2026-02-23
KR,KROGER,Consumer Staples,Equity,515902149.84,0.07,"515,902,149.84",7774294.0,66.36,United States,NYSE,USD,1.0,USD,-,IVV,2026-02-23
VTR,VENTAS REIT INC,Real Estate,Equity,514775357.66,0.07,"514,775,357.66",5989939.0,85.94,United States,NYSE,USD,1.0,USD,-,IVV,2026-02-23
PCG,PG&E CORP,Utilities,Equity,514579336.92,0.07,"514,579,336.92",28027197.0,18.36,United States,NYSE,USD,1.0,USD,-,IVV,2026-02-23
VMC,VULCAN MATERIALS,Materials,Equity,514404186.01,0.07,"514,404,186.01",1684969.0,305.29,United States,NYSE,USD,1.0,USD,-,IVV,2026-02-23
KDP,KEURIG DR PEPPER INC,Consumer Staples,Equity,511762982.78,0.07,"511,762,982.78",17324407.0,29.54,United States,NASDAQ,USD,1.0,USD,-,IVV,2026-02-23
EBAY,EBAY INC,Consumer Discretionary,Equity,507610556.19,0.07,"507,610,556.19",5763717.0,88.07,United States,NASDAQ,USD,1.0,USD,-,IVV,2026-02-23
ED,CONSOLIDATED EDISON INC,Utilities,Equity,505415349.35,0.07,"505,415,349.35",4602635.0,109.81,United States,NYSE,USD,1.0,USD,-,IVV,2026-02-23
HIG,HARTFORD INSURANCE GROUP INC,Financials,Equity,505245291.09,0.07,"505,245,291.09",3553311.0,142.19,United States,NYSE,USD,1.0,USD,-,IVV,2026-02-23
COIN,COINBASE GLOBAL INC CLASS A,Financials,Equity,498063901.75,0.07,"498,063,901.75",2906705.0,171.35,United States,NASDAQ,USD,1.0,USD,-,IVV,2026-02-23
PYPL,PAYPAL HOLDINGS INC,Financials,Equity,496933397.1,0.07,"496,933,397.10",11931174.0,41.65,United States,NASDAQ,USD,1.0,USD,-,IVV,2026-02-23
GEHC,GE HEALTHCARE TECHNOLOGIES INC,Health Care,Equity,489261747.2,0.06,"489,261,747.20",5808640.0,84.23,United States,NASDAQ,USD,1.0,USD,-,IVV,2026-02-23
CCI,CROWN CASTLE INC,Real Estate,Equity,488730971.3,0.06,"488,730,971.30",5553130.0,88.01,United States,NYSE,USD,1.0,USD,-,IVV,2026-02-23
RMD,RESMED INC,Health Care,Equity,482327781.84,0.06,"482,327,781.84",1861407.0,259.12,United States,NYSE,USD,1.0,USD,-,IVV,2026-02-23
EQT,EQT CORP,Energy,Equity,481461178.0,0.06,"481,461,178.00",7958036.0,60.50,United States,NYSE,USD,1.0,USD,-,IVV,2026-02-23
DDOG,DATADOG INC CLASS A,Information Technology,Equity,479974311.18,0.06,"479,974,311.18",4149873.0,115.66,United States,NASDAQ,USD,1.0,USD,-,IVV,2026-02-23
OXY,OCCIDENTAL PETROLEUM CORP,Energy,Equity,475430549.76,0.06,"475,430,549.76",9171114.0,51.84,United States,NYSE,USD,1.0,USD,-,IVV,2026-02-23
WEC,WEC ENERGY GROUP INC,Utilities,Equity,474300385.72,0.06,"474,300,385.72",4148158.0,114.34,United States,NYSE,USD,1.0,USD,-,IVV,2026-02-23
ODFL,OLD DOMINION FREIGHT LINE INC,Industrials,Equity,472533843.18,0.06,"472,533,843.18",2346362.0,201.39,United States,NASDAQ,USD,1.0,USD,-,IVV,2026-02-23
NDAQ,NASDAQ INC,Financials,Equity,470446879.29,0.06,"470,446,879.29",5746267.0,81.87,United States,NASDAQ,USD,1.0,USD,-,IVV,2026-02-23
DELL,DELL TECHNOLOGIES INC CLASS C,Information Technology,Equity,469934352.05,0.06,"469,934,352.05",3843415.0,122.27,United States,NYSE,USD,1.0,USD,-,IVV,2026-02-23
HBAN,HUNTINGTON BANCSHARES INC,Financials,Equity,466876886.03,0.06,"466,876,886.03",25923203.0,18.01,United States,NASDAQ,USD,1.0,USD,-,IVV,2026-02-23
UAL,UNITED AIRLINES HOLDINGS INC,Industrials,Equity,466602646.93,0.06,"466,602,646.93",4128131.0,113.03,United States,NASDAQ,USD,1.0,USD,-,IVV,2026-02-23
EME,EMCOR GROUP INC,Industrials,Equity,464007993.57,0.06,"464,007,993.57",570883.0,812.79,United States,NYSE,USD,1.0,USD,-,IVV,2026-02-23
PRU,PRUDENTIAL FINANCIAL INC,Financials,Equity,461664201.84,0.06,"461,664,201.84",4463111.0,103.44,United States,NYSE,USD,1.0,USD,-,IVV,2026-02-23
KMB,KIMBERLY CLARK CORP,Consumer Staples,Equity,461354542.68,0.06,"461,354,542.68",4231834.0,109.02,United States,NASDAQ,USD,1.0,USD,-,IVV,2026-02-23
ROP,ROPER TECHNOLOGIES INC,Information Technology,Equity,460894608.72,0.06,"460,894,608.72",1372568.0,335.79,United States,NASDAQ,USD,1.0,USD,-,IVV,2026-02-23
OTIS,OTIS WORLDWIDE CORP,Industrials,Equity,460533295.35,0.06,"460,533,295.35",4969605.0,92.67,United States,NYSE,USD,1.0,USD,-,IVV,2026-02-23
KVUE,KENVUE INC,Consumer Staples,Equity,457616147.04,0.06,"457,616,147.04",24445307.0,18.72,United States,NYSE,USD,1.0,USD,-,IVV,2026-02-23
STT,STATE STREET CORP,Financials,Equity,455673406.92,0.06,"455,673,406.92",3561618.0,127.94,United States,NYSE,USD,1.0,USD,-,IVV,2026-02-23
MTB,M&T BANK CORP,Financials,Equity,455700136.64,0.06,"455,700,136.64",1959832.0,232.52,United States,NYSE,USD,1.0,USD,-,IVV,2026-02-23
ACGL,ARCH CAPITAL GROUP LTD,Financials,Equity,453517296.96,0.06,"453,517,296.96",4604704.0,98.49,United States,NASDAQ,USD,1.0,USD,-,IVV,2026-02-23
A,AGILENT TECHNOLOGIES INC,Health Care,Equity,444299354.1,0.06,"444,299,354.10",3615129.0,122.90,United States,NYSE,USD,1.0,USD,-,IVV,2026-02-23
CCL,CARNIVAL CORP,Consumer Discretionary,Equity,442932996.17,0.06,"442,932,996.17",13845983.0,31.99,United States,NYSE,USD,1.0,USD,-,IVV,2026-02-23
TTWO,TAKE TWO INTERACTIVE SOFTWARE INC,Communication,Equity,442346646.48,0.06,"442,346,646.48",2214834.0,199.72,United States,NASDAQ,USD,1.0,USD,-,IVV,2026-02-23
IR,INGERSOLL RAND INC,Industrials,Equity,438325522.0,0.06,"438,325,522.00",4584995.0,95.60,United States,NYSE,USD,1.0,USD,-,IVV,2026-02-23
NRG,NRG ENERGY INC,Utilities,Equity,437875604.5,0.06,"437,875,604.50",2443775.0,179.18,United States,NYSE,USD,1.0,USD,-,IVV,2026-02-23
AXON,AXON ENTERPRISE INC,Industrials,Equity,436634086.98,0.06,"436,634,086.98",1006278.0,433.91,United States,NASDAQ,USD,1.0,USD,-,IVV,2026-02-23
DG,DOLLAR GENERAL CORP,Consumer Staples,Equity,422804602.08,0.06,"422,804,602.08",2806722.0,150.64,United States,NYSE,USD,1.0,USD,-,IVV,2026-02-23
IBKR,INTERACTIVE BROKERS GROUP INC CLAS,Financials,Equity,422497834.82,0.06,"422,497,834.82",5679116.0,74.39,United States,NASDAQ,USD,1.0,USD,-,IVV,2026-02-23
FISV,FISERV INC,Financials,Equity,421595560.26,0.06,"421,595,560.26",6858558.0,61.47,United States,NASDAQ,USD,1.0,USD,-,IVV,2026-02-23
HSY,HERSHEY FOODS,Consumer Staples,Equity,419015564.55,0.06,"419,015,564.55",1889415.0,221.77,United States,NYSE,USD,1.0,USD,-,IVV,2026-02-23
XTSLA,BLK CSH FND TREASURY SL AGENCY,Cash and/or Derivatives,Money Market,418264889.5,0.06,"418,264,889.50",418264890.0,1.00,United States,-,USD,1.0,USD,-,IVV,2026-02-23
FANG,DIAMONDBACK ENERGY INC,Energy,Equity,418010373.24,0.06,"418,010,373.24",2374924.0,176.01,United States,NASDAQ,USD,1.0,USD,-,IVV,2026-02-23
WAT,WATERS CORP,Health Care,Equity,417792488.7,0.06,"417,792,488.70",1253390.0,333.33,United States,NYSE,USD,1.0,USD,-,IVV,2026-02-23
ADM,ARCHER DANIELS MIDLAND,Consumer Staples,Equity,415981537.2,0.06,"415,981,537.20",6128190.0,67.88,United States,NYSE,USD,1.0,USD,-,IVV,2026-02-23
IRM,IRON MOUNTAIN INC,Real Estate,Equity,415715986.71,0.06,"415,715,986.71",3769299.0,110.29,United States,NYSE,USD,1.0,USD,-,IVV,2026-02-23
CPRT,COPART INC,Industrials,Equity,414206286.72,0.05,"414,206,286.72",11354339.0,36.48,United States,NASDAQ,USD,1.0,USD,-,IVV,2026-02-23
EXR,EXTRA SPACE STORAGE REIT INC,Real Estate,Equity,413431317.0,0.05,"413,431,317.00",2706588.0,152.75,United States,NYSE,USD,1.0,USD,-,IVV,2026-02-23
VICI,VICI PPTYS INC,Real Estate,Equity,410102116.47,0.05,"410,102,116.47",13629183.0,30.09,United States,NYSE,USD,1.0,USD,-,IVV,2026-02-23
TPR,TAPESTRY INC,Consumer Discretionary,Equity,409945519.98,0.05,"409,945,519.98",2609622.0,157.09,United States,NYSE,USD,1.0,USD,-,IVV,2026-02-23
FICO,FAIR ISAAC CORP,Information Technology,Equity,408257240.4,0.05,"408,257,240.40",302312.0,"1,350.45",United States,NYSE,USD,1.0,USD,-,IVV,2026-02-23
DOV,DOVER CORP,Industrials,Equity,408058723.38,0.05,"408,058,723.38",1748998.0,233.31,United States,NYSE,USD,1.0,USD,-,IVV,2026-02-23
TDY,TELEDYNE TECHNOLOGIES INC,Information Technology,Equity,400425523.68,0.05,"400,425,523.68",598794.0,668.72,United States,NYSE,USD,1.0,USD,-,IVV,2026-02-23
CTSH,COGNIZANT TECHNOLOGY SOLUTIONS COR,Information Technology,Equity,400227069.97,0.05,"400,227,069.97",6154499.0,65.03,United States,NASDAQ,USD,1.0,USD,-,IVV,2026-02-23
XYL,XYLEM INC,Industrials,Equity,399463606.53,0.05,"399,463,606.53",3104559.0,128.67,United States,NYSE,USD,1.0,USD,-,IVV,2026-02-23
ULTA,ULTA BEAUTY INC,Consumer Discretionary,Equity,390585764.4,0.05,"390,585,764.40",571960.0,682.89,United States,NASDAQ,USD,1.0,USD,-,IVV,2026-02-23
CBOE,CBOE GLOBAL MARKETS INC,Financials,Equity,385231046.76,0.05,"385,231,046.76",1334457.0,288.68,United States,Cboe BZX,USD,1.0,USD,-,IVV,2026-02-23
DTE,DTE ENERGY,Utilities,Equity,383993495.0,0.05,"383,993,495.00",2648231.0,145.00,United States,NYSE,USD,1.0,USD,-,IVV,2026-02-23
WDAY,WORKDAY INC CLASS A,Information Technology,Equity,381340390.26,0.05,"381,340,390.26",2767146.0,137.81,United States,NASDAQ,USD,1.0,USD,-,IVV,2026-02-23
AEE,AMEREN CORP,Utilities,Equity,379601957.95,0.05,"379,601,957.95",3449359.0,110.05,United States,NYSE,USD,1.0,USD,-,IVV,2026-02-23
PAYX,PAYCHEX INC,Industrials,Equity,376903224.76,0.05,"376,903,224.76",4130899.0,91.24,United States,NASDAQ,USD,1.0,USD,-,IVV,2026-02-23
HAL,HALLIBURTON,Energy,Equity,376806804.69,0.05,"376,806,804.69",10732179.0,35.11,United States,NYSE,USD,1.0,USD,-,IVV,2026-02-23
XYZ,BLOCK INC CLASS A,Financials,Equity,371669586.9,0.05,"371,669,586.90",6983645.0,53.22,United States,NYSE,USD,1.0,USD,-,IVV,2026-02-23
ATO,ATMOS ENERGY CORP,Utilities,Equity,370439256.05,0.05,"370,439,256.05",2046965.0,180.97,United States,NYSE,USD,1.0,USD,-,IVV,2026-02-23
JBL,JABIL INC,Information Technology,Equity,369294250.13,0.05,"369,294,250.13",1362257.0,271.09,United States,NYSE,USD,1.0,USD,-,IVV,2026-02-23
TPL,TEXAS PACIFIC LAND CORP,Energy,Equity,369112391.76,0.05,"369,112,391.76",738402.0,499.88,United States,NYSE,USD,1.0,USD,-,IVV,2026-02-23
WTW,WILLIS TOWERS WATSON PLC,Financials,Equity,368504275.61,0.05,"368,504,275.61",1220981.0,301.81,United States,NASDAQ,USD,1.0,USD,-,IVV,2026-02-23
DXCM,DEXCOM INC,Health Care,Equity,363460529.88,0.05,"363,460,529.88",4973461.0,73.08,United States,NASDAQ,USD,1.0,USD,-,IVV,2026-02-23
PPG,PPG INDUSTRIES INC,Materials,Equity,362074072.51,0.05,"362,074,072.51",2861567.0,126.53,United States,NYSE,USD,1.0,USD,-,IVV,2026-02-23
EIX,EDISON INTERNATIONAL,Utilities,Equity,361825367.28,0.05,"361,825,367.28",4906772.0,73.74,United States,NYSE,USD,1.0,USD,-,IVV,2026-02-23
IQV,IQVIA HOLDINGS INC,Health Care,Equity,359656913.98,0.05,"359,656,913.98",2171579.0,165.62,United States,NYSE,USD,1.0,USD,-,IVV,2026-02-23
HPE,HEWLETT PACKARD ENTERPRISE,Information Technology,Equity,359559545.95,0.05,"359,559,545.95",16825435.0,21.37,United States,NYSE,USD,1.0,USD,-,IVV,2026-02-23
BIIB,BIOGEN INC,Health Care,Equity,359229368.82,0.05,"359,229,368.82",1870694.0,192.03,United States,NASDAQ,USD,1.0,USD,-,IVV,2026-02-23
MTD,METTLER TOLEDO INC,Health Care,Equity,358833866.85,0.05,"358,833,866.85",260487.0,"1,377.55",United States,NYSE,USD,1.0,USD,-,IVV,2026-02-23
EL,ESTEE LAUDER INC CLASS A,Consumer Staples,Equity,358117332.65,0.05,"358,117,332.65",3135055.0,114.23,United States,NYSE,USD,1.0,USD,-,IVV,2026-02-23
CNP,CENTERPOINT ENERGY INC,Utilities,Equity,357986868.0,0.05,"357,986,868.00",8325276.0,43.00,United States,NYSE,USD,1.0,USD,-,IVV,2026-02-23
CFG,CITIZENS FINANCIAL GROUP INC,Financials,Equity,357579814.97,0.05,"357,579,814.97",5476793.0,65.29,United States,NYSE,USD,1.0,USD,-,IVV,2026-02-23
HUBB,HUBBELL INC,Industrials,Equity,356972295.22,0.05,"356,972,295.22",677714.0,526.73,United States,NYSE,USD,1.0,USD,-,IVV,2026-02-23
TSCO,TRACTOR SUPPLY,Consumer Discretionary,Equity,356852953.6,0.05,"356,852,953.60",6738160.0,52.96,United States,NASDAQ,USD,1.0,USD,-,IVV,2026-02-23
RJF,RAYMOND JAMES INC,Financials,Equity,355815008.44,0.05,"355,815,008.44",2248294.0,158.26,United States,NYSE,USD,1.0,USD,-,IVV,2026-02-23
DVN,DEVON ENERGY CORP,Energy,Equity,355086396.77,0.05,"355,086,396.77",7999243.0,44.39,United States,NYSE,USD,1.0,USD,-,IVV,2026-02-23
ON,ON SEMICONDUCTOR CORP,Information Technology,Equity,354599194.29,0.05,"354,599,194.29",5130939.0,69.11,United States,NASDAQ,USD,1.0,USD,-,IVV,2026-02-23
PPL,PPL CORP,Utilities,Equity,353170920.96,0.05,"353,170,920.96",9432984.0,37.44,United States,NYSE,USD,1.0,USD,-,IVV,2026-02-23
ES,EVERSOURCE ENERGY,Utilities,Equity,351929062.2,0.05,"351,929,062.20",4784245.0,73.56,United States,NYSE,USD,1.0,USD,-,IVV,2026-02-23
NTRS,NORTHERN TRUST CORP,Financials,Equity,349093372.32,0.05,"349,093,372.32",2411532.0,144.76,United States,NASDAQ,USD,1.0,USD,-,IVV,2026-02-23
PHM,PULTEGROUP INC,Consumer Discretionary,Equity,348028251.22,0.05,"348,028,251.22",2485561.0,140.02,United States,NYSE,USD,1.0,USD,-,IVV,2026-02-23
LUV,SOUTHWEST AIRLINES,Industrials,Equity,343511932.65,0.05,"343,511,932.65",6594585.0,52.09,United States,NYSE,USD,1.0,USD,-,IVV,2026-02-23
OMC,OMNICOM GROUP INC,Communication,Equity,338661964.98,0.04,"338,661,964.98",4067523.0,83.26,United States,NYSE,USD,1.0,USD,-,IVV,2026-02-23
STLD,STEEL DYNAMICS INC,Materials,Equity,338536737.21,0.04,"338,536,737.21",1750539.0,193.39,United States,NASDAQ,USD,1.0,USD,-,IVV,2026-02-23
SYF,SYNCHRONY FINANCIAL,Financials,Equity,336973882.74,0.04,"336,973,882.74",4592802.0,73.37,United States,NYSE,USD,1.0,USD,-,IVV,2026-02-23
RF,REGIONS FINANCIAL CORP,Financials,Equity,336125058.3,0.04,"336,125,058.30",11181805.0,30.06,United States,NYSE,USD,1.0,USD,-,IVV,2026-02-23
WSM,WILLIAMS SONOMA INC,Consumer Discretionary,Equity,333697561.98,0.04,"333,697,561.98",1553093.0,214.86,United States,NYSE,USD,1.0,USD,-,IVV,2026-02-23
FE,FIRSTENERGY CORP,Utilities,Equity,332811642.8,0.04,"332,811,642.80",6629714.0,50.20,United States,NYSE,USD,1.0,USD,-,IVV,2026-02-23
FSLR,FIRST SOLAR INC,Information Technology,Equity,330973837.32,0.04,"330,973,837.32",1368339.0,241.88,United States,NASDAQ,USD,1.0,USD,-,IVV,2026-02-23
EXE,EXPAND ENERGY CORP,Energy,Equity,328196590.2,0.04,"328,196,590.20",3037170.0,108.06,United States,NASDAQ,USD,1.0,USD,-,IVV,2026-02-23
LYV,LIVE NATION ENTERTAINMENT INC,Communication,Equity,327554264.04,0.04,"327,554,264.04",2013612.0,162.67,United States,NYSE,USD,1.0,USD,-,IVV,2026-02-23
DLTR,DOLLAR TREE INC,Consumer Staples,Equity,325366239.0,0.04,"325,366,239.00",2418900.0,134.51,United States,NASDAQ,USD,1.0,USD,-,IVV,2026-02-23
CINF,CINCINNATI FINANCIAL CORP,Financials,Equity,324530881.0,0.04,"324,530,881.00",1990987.0,163.00,United States,NASDAQ,USD,1.0,USD,-,IVV,2026-02-23
SW,SMURFIT WESTROCK PLC,Materials,Equity,324546500.2,0.04,"324,546,500.20",6658730.0,48.74,United States,NYSE,USD,1.0,USD,-,IVV,2026-02-23
FIS,FIDELITY NATIONAL INFORMATION SERV,Financials,Equity,324432853.67,0.04,"324,432,853.67",6603559.0,49.13,United States,NYSE,USD,1.0,USD,-,IVV,2026-02-23
VRSK,VERISK ANALYTICS INC,Industrials,Equity,324336445.0,0.04,"324,336,445.00",1777186.0,182.50,United States,NASDAQ,USD,1.0,USD,-,IVV,2026-02-23
ARES,ARES MANAGEMENT CORP CLASS A,Financials,Equity,323528141.88,0.04,"323,528,141.88",2626893.0,123.16,United States,NYSE,USD,1.0,USD,-,IVV,2026-02-23
DRI,DARDEN RESTAURANTS INC,Consumer Discretionary,Equity,322261164.83,0.04,"322,261,164.83",1483229.0,217.27,United States,NYSE,USD,1.0,USD,-,IVV,2026-02-23
AWK,AMERICAN WATER WORKS INC,Utilities,Equity,321901280.14,0.04,"321,901,280.14",2488222.0,129.37,United States,NYSE,USD,1.0,USD,-,IVV,2026-02-23
LEN,LENNAR A CORP CLASS A,Consumer Discretionary,Equity,320416980.3,0.04,"320,416,980.30",2751305.0,116.46,United States,NYSE,USD,1.0,USD,-,IVV,2026-02-23
AVB,AVALONBAY COMMUNITIES REIT INC,Real Estate,Equity,319918547.6,0.04,"319,918,547.60",1803374.0,177.40,United States,NYSE,USD,1.0,USD,-,IVV,2026-02-23
CHD,CHURCH AND DWIGHT INC,Consumer Staples,Equity,315629723.04,0.04,"315,629,723.04",3061988.0,103.08,United States,NYSE,USD,1.0,USD,-,IVV,2026-02-23
IP,INTERNATIONAL PAPER,Materials,Equity,315597035.85,0.04,"315,597,035.85",6733455.0,46.87,United States,NYSE,USD,1.0,USD,-,IVV,2026-02-23
CPAY,CORPAY INC,Financials,Equity,314637321.4,0.04,"314,637,321.40",892082.0,352.70,United States,NYSE,USD,1.0,USD,-,IVV,2026-02-23
STE,STERIS,Health Care,Equity,313721059.5,0.04,"313,721,059.50",1251630.0,250.65,United States,NYSE,USD,1.0,USD,-,IVV,2026-02-23
EFX,EQUIFAX INC,Industrials,Equity,308172465.18,0.04,"308,172,465.18",1560683.0,197.46,United States,NYSE,USD,1.0,USD,-,IVV,2026-02-23
CTRA,COTERRA ENERGY INC,Energy,Equity,304057834.32,0.04,"304,057,834.32",9720519.0,31.28,United States,NYSE,USD,1.0,USD,-,IVV,2026-02-23
EXPE,EXPEDIA GROUP INC,Consumer Discretionary,Equity,303623699.4,0.04,"303,623,699.40",1492155.0,203.48,United States,NASDAQ,USD,1.0,USD,-,IVV,2026-02-23
GIS,GENERAL MILLS INC,Consumer Staples,Equity,303507917.2,0.04,"303,507,917.20",6802060.0,44.62,United States,NYSE,USD,1.0,USD,-,IVV,2026-02-23
Q,QNITY ELECTRONICS INC,Information Technology,Equity,303002191.44,0.04,"303,002,191.44",2670564.0,113.46,United States,NYSE,USD,1.0,USD,-,IVV,2026-02-23
LH,LABCORP HOLDINGS INC,Health Care,Equity,298786430.05,0.04,"298,786,430.05",1057015.0,282.67,United States,NYSE,USD,1.0,USD,-,IVV,2026-02-23
AMCR,AMCOR PLC,Materials,Equity,298179752.31,0.04,"298,179,752.31",5905719.0,50.49,United States,NYSE,USD,1.0,USD,-,IVV,2026-02-23
VLTO,VERALTO CORP,Industrials,Equity,294718738.6,0.04,"294,718,738.60",3166295.0,93.08,United States,NYSE,USD,1.0,USD,-,IVV,2026-02-23
CMS,CMS ENERGY CORP,Utilities,Equity,294386412.44,0.04,"294,386,412.44",3880654.0,75.86,United States,NYSE,USD,1.0,USD,-,IVV,2026-02-23
HUM,HUMANA INC,Health Care,Equity,291155179.44,0.04,"291,155,179.44",1533768.0,189.83,United States,NYSE,USD,1.0,USD,-,IVV,2026-02-23
DGX,QUEST DIAGNOSTICS INC,Health Care,Equity,287130122.37,0.04,"287,130,122.37",1418557.0,202.41,United States,NYSE,USD,1.0,USD,-,IVV,2026-02-23
CHRW,CH ROBINSON WORLDWIDE INC,Industrials,Equity,286322919.22,0.04,"286,322,919.22",1506487.0,190.06,United States,NASDAQ,USD,1.0,USD,-,IVV,2026-02-23
LDOS,LEIDOS HOLDINGS INC,Industrials,Equity,282866592.5,0.04,"282,866,592.50",1630355.0,173.50,United States,NYSE,USD,1.0,USD,-,IVV,2026-02-23
NI,NISOURCE INC,Utilities,Equity,282169286.53,0.04,"282,169,286.53",6085169.0,46.37,United States,NYSE,USD,1.0,USD,-,IVV,2026-02-23
STZ,CONSTELLATION BRANDS INC CLASS A,Consumer Staples,Equity,281153544.22,0.04,"281,153,544.22",1797542.0,156.41,United States,NYSE,USD,1.0,USD,-,IVV,2026-02-23
DOW,DOW INC,Materials,Equity,276620278.48,0.04,"276,620,278.48",9063574.0,30.52,United States,NYSE,USD,1.0,USD,-,IVV,2026-02-23
EQR,EQUITY RESIDENTIAL REIT,Real Estate,Equity,276379125.2,0.04,"276,379,125.20",4415002.0,62.60,United States,NYSE,USD,1.0,USD,-,IVV,2026-02-23
NVR,NVR INC,Consumer Discretionary,Equity,273993206.4,0.04,"273,993,206.40",36144.0,"7,580.60",United States,NYSE,USD,1.0,USD,-,IVV,2026-02-23
WRB,WR BERKLEY CORP,Financials,Equity,272110659.48,0.04,"272,110,659.48",3828231.0,71.08,United States,NYSE,USD,1.0,USD,-,IVV,2026-02-23
SBAC,SBA COMMUNICATIONS REIT CORP CLASS,Real Estate,Equity,271129564.42,0.04,"271,129,564.42",1358773.0,199.54,United States,NASDAQ,USD,1.0,USD,-,IVV,2026-02-23
PKG,PACKAGING CORP OF AMERICA,Materials,Equity,270347288.16,0.04,"270,347,288.16",1139696.0,237.21,United States,NYSE,USD,1.0,USD,-,IVV,2026-02-23
CSGP,COSTAR GROUP INC,Real Estate,Equity,269523661.75,0.04,"269,523,661.75",5404525.0,49.87,United States,NASDAQ,USD,1.0,USD,-,IVV,2026-02-23
DD,DUPONT DE NEMOURS INC,Materials,Equity,269327120.12,0.04,"269,327,120.12",5342732.0,50.41,United States,NYSE,USD,1.0,USD,-,IVV,2026-02-23
EXPD,EXPEDITORS INTERNATIONAL OF WASHIN,Industrials,Equity,267130454.4,0.04,"267,130,454.40",1709088.0,156.30,United States,NYSE,USD,1.0,USD,-,IVV,2026-02-23
IFF,INTERNATIONAL FLAVORS & FRAGRANCES,Materials,Equity,265736315.25,0.04,"265,736,315.25",3264975.0,81.39,United States,NYSE,USD,1.0,USD,-,IVV,2026-02-23
KHC,KRAFT HEINZ,Consumer Staples,Equity,265165828.8,0.04,"265,165,828.80",10867452.0,24.40,United States,NASDAQ,USD,1.0,USD,-,IVV,2026-02-23
TROW,T ROWE PRICE GROUP INC,Financials,Equity,265169657.82,0.04,"265,169,657.82",2780139.0,95.38,United States,NASDAQ,USD,1.0,USD,-,IVV,2026-02-23
BR,BROADRIDGE FINANCIAL SOLUTIONS INC,Industrials,Equity,263503121.0,0.03,"263,503,121.00",1488550.0,177.02,United States,NYSE,USD,1.0,USD,-,IVV,2026-02-23
KEY,KEYCORP,Financials,Equity,262984219.2,0.03,"262,984,219.20",11846136.0,22.20,United States,NYSE,USD,1.0,USD,-,IVV,2026-02-23
NTAP,NETAPP INC,Information Technology,Equity,261214448.88,0.03,"261,214,448.88",2548931.0,102.48,United States,NASDAQ,USD,1.0,USD,-,IVV,2026-02-23
BRO,BROWN & BROWN INC,Financials,Equity,260558251.69,0.03,"260,558,251.69",3744191.0,69.59,United States,NYSE,USD,1.0,USD,-,IVV,2026-02-23
CHTR,CHARTER COMMUNICATIONS INC CLASS A,Communication,Equity,258051249.12,0.03,"258,051,249.12",1121182.0,230.16,United States,NASDAQ,USD,1.0,USD,-,IVV,2026-02-23
LULU,LULULEMON ATHLETICA INC,Consumer Discretionary,Equity,257744279.2,0.03,"257,744,279.20",1376104.0,187.30,United States,NASDAQ,USD,1.0,USD,-,IVV,2026-02-23
CNC,CENTENE CORP,Health Care,Equity,257468818.12,0.03,"257,468,818.12",5954413.0,43.24,United States,NYSE,USD,1.0,USD,-,IVV,2026-02-23
SNA,SNAP ON INC,Industrials,Equity,255718045.44,0.03,"255,718,045.44",662688.0,385.88,United States,NYSE,USD,1.0,USD,-,IVV,2026-02-23
ALB,ALBEMARLE CORP,Materials,Equity,252772146.48,0.03,"252,772,146.48",1500844.0,168.42,United States,NYSE,USD,1.0,USD,-,IVV,2026-02-23
ZBH,ZIMMER BIOMET HOLDINGS INC,Health Care,Equity,249559025.0,0.03,"249,559,025.00",2527180.0,98.75,United States,NYSE,USD,1.0,USD,-,IVV,2026-02-23
GPN,GLOBAL PAYMENTS INC,Financials,Equity,249002413.23,0.03,"249,002,413.23",3019309.0,82.47,United States,NYSE,USD,1.0,USD,-,IVV,2026-02-23
PFG,PRINCIPAL FINANCIAL GROUP INC,Financials,Equity,243876875.76,0.03,"243,876,875.76",2546751.0,95.76,United States,NASDAQ,USD,1.0,USD,-,IVV,2026-02-23
L,LOEWS CORP,Financials,Equity,237721644.18,0.03,"237,721,644.18",2165634.0,109.77,United States,NYSE,USD,1.0,USD,-,IVV,2026-02-23
PTC,PTC INC,Information Technology,Equity,237022260.84,0.03,"237,022,260.84",1527599.0,155.16,United States,NASDAQ,USD,1.0,USD,-,IVV,2026-02-23
FTV,FORTIVE CORP,Industrials,Equity,236072814.48,0.03,"236,072,814.48",4050666.0,58.28,United States,NYSE,USD,1.0,USD,-,IVV,2026-02-23
EVRG,EVERGY INC,Utilities,Equity,235638062.84,0.03,"235,638,062.84",2935934.0,80.26,United States,NASDAQ,USD,1.0,USD,-,IVV,2026-02-23
VTRS,VIATRIS INC,Health Care,Equity,233580277.76,0.03,"233,580,277.76",14672128.0,15.92,United States,NASDAQ,USD,1.0,USD,-,IVV,2026-02-23
LNT,ALLIANT ENERGY CORP,Utilities,Equity,232769714.85,0.03,"232,769,714.85",3277985.0,71.01,United States,NASDAQ,USD,1.0,USD,-,IVV,2026-02-23
WY,WEYERHAEUSER REIT,Real Estate,Equity,232349162.56,0.03,"232,349,162.56",9191027.0,25.28,United States,NYSE,USD,1.0,USD,-,IVV,2026-02-23
TSN,TYSON FOODS INC CLASS A,Consumer Staples,Equity,230494368.2,0.03,"230,494,368.20",3609370.0,63.86,United States,NYSE,USD,1.0,USD,-,IVV,2026-02-23
VRSN,VERISIGN INC,Information Technology,Equity,229696933.05,0.03,"229,696,933.05",1063855.0,215.91,United States,NASDAQ,USD,1.0,USD,-,IVV,2026-02-23
ROL,ROLLINS INC,Industrials,Equity,229420042.8,0.03,"229,420,042.80",3739528.0,61.35,United States,NYSE,USD,1.0,USD,-,IVV,2026-02-23
LII,LENNOX INTERNATIONAL INC,Industrials,Equity,228776511.94,0.03,"228,776,511.94",407794.0,561.01,United States,NYSE,USD,1.0,USD,-,IVV,2026-02-23
BALL,BALL CORP,Materials,Equity,227117053.62,0.03,"227,117,053.62",3413754.0,66.53,United States,NYSE,USD,1.0,USD,-,IVV,2026-02-23
TXT,TEXTRON INC,Industrials,Equity,226511410.62,0.03,"226,511,410.62",2247806.0,100.77,United States,NYSE,USD,1.0,USD,-,IVV,2026-02-23
LVS,LAS VEGAS SANDS CORP,Consumer Discretionary,Equity,225071722.78,0.03,"225,071,722.78",3879878.0,58.01,United States,NYSE,USD,1.0,USD,-,IVV,2026-02-23
HPQ,HP INC,Information Technology,Equity,221593971.17,0.03,"221,593,971.17",11920063.0,18.59,United States,NYSE,USD,1.0,USD,-,IVV,2026-02-23
MKC,MCCORMICK & CO NON-VOTING INC,Consumer Staples,Equity,221207666.5,0.03,"221,207,666.50",3229309.0,68.50,United States,NYSE,USD,1.0,USD,-,IVV,2026-02-23
WST,WEST PHARMACEUTICAL SERVICES INC,Health Care,Equity,221209033.76,0.03,"221,209,033.76",917423.0,241.12,United States,NYSE,USD,1.0,USD,-,IVV,2026-02-23
MRNA,MODERNA INC,Health Care,Equity,220900212.27,0.03,"220,900,212.27",4429521.0,49.87,United States,NASDAQ,USD,1.0,USD,-,IVV,2026-02-23
JBHT,JB HUNT TRANSPORT SERVICES INC,Industrials,Equity,220549899.36,0.03,"220,549,899.36",958246.0,230.16,United States,NASDAQ,USD,1.0,USD,-,IVV,2026-02-23
DECK,DECKERS OUTDOOR CORP,Consumer Discretionary,Equity,220374690.25,0.03,"220,374,690.25",1856725.0,118.69,United States,NYSE,USD,1.0,USD,-,IVV,2026-02-23
APTV,APTIV PLC,Consumer Discretionary,Equity,219036715.35,0.03,"219,036,715.35",2752755.0,79.57,United States,NYSE,USD,1.0,USD,-,IVV,2026-02-23
HII,HUNTINGTON INGALLS INDUSTRIES INC,Industrials,Equity,218776248.6,0.03,"218,776,248.60",499980.0,437.57,United States,NYSE,USD,1.0,USD,-,IVV,2026-02-23
PODD,INSULET CORP,Health Care,Equity,216821004.18,0.03,"216,821,004.18",896362.0,241.89,United States,NASDAQ,USD,1.0,USD,-,IVV,2026-02-23
HOLX,HOLOGIC INC,Health Care,Equity,214083992.83,0.03,"214,083,992.83",2838181.0,75.43,United States,NASDAQ,USD,1.0,USD,-,IVV,2026-02-23
COO,COOPER INC,Health Care,Equity,213186555.54,0.03,"213,186,555.54",2535822.0,84.07,United States,NASDAQ,USD,1.0,USD,-,IVV,2026-02-23
PNR,PENTAIR,Industrials,Equity,213091185.45,0.03,"213,091,185.45",2088515.0,102.03,United States,NYSE,USD,1.0,USD,-,IVV,2026-02-23
INCY,INCYTE CORP,Health Care,Equity,213099770.2,0.03,"213,099,770.20",2103235.0,101.32,United States,NASDAQ,USD,1.0,USD,-,IVV,2026-02-23
BG,BUNGE GLOBAL,Consumer Staples,Equity,210279238.65,0.03,"210,279,238.65",1724307.0,121.95,United States,NYSE,USD,1.0,USD,-,IVV,2026-02-23
J,JACOBS SOLUTIONS INC,Industrials,Equity,210054976.3,0.03,"210,054,976.30",1522910.0,137.93,United States,NYSE,USD,1.0,USD,-,IVV,2026-02-23
GPC,GENUINE PARTS,Consumer Discretionary,Equity,209437377.46,0.03,"209,437,377.46",1773991.0,118.06,United States,NYSE,USD,1.0,USD,-,IVV,2026-02-23
ESS,ESSEX PROPERTY TRUST REIT INC,Real Estate,Equity,208987899.12,0.03,"208,987,899.12",821106.0,254.52,United States,NYSE,USD,1.0,USD,-,IVV,2026-02-23
SMCI,SUPER MICRO COMPUTER INC,Information Technology,Equity,207305053.94,0.03,"207,305,053.94",6394357.0,32.42,United States,NASDAQ,USD,1.0,USD,-,IVV,2026-02-23
CDW,CDW CORP,Information Technology,Equity,206975937.6,0.03,"206,975,937.60",1660590.0,124.64,United States,NASDAQ,USD,1.0,USD,-,IVV,2026-02-23
TRMB,TRIMBLE INC,Information Technology,Equity,205193971.92,0.03,"205,193,971.92",3034516.0,67.62,United States,NASDAQ,USD,1.0,USD,-,IVV,2026-02-23
FFIV,F5 INC,Information Technology,Equity,204778951.37,0.03,"204,778,951.37",735583.0,278.39,United States,NASDAQ,USD,1.0,USD,-,IVV,2026-02-23
KIM,KIMCO REALTY REIT CORP,Real Estate,Equity,199873456.3,0.03,"199,873,456.30",8626390.0,23.17,United States,NYSE,USD,1.0,USD,-,IVV,2026-02-23
MAA,MID AMERICA APARTMENT COMMUNITIES,Real Estate,Equity,199257229.53,0.03,"199,257,229.53",1492899.0,133.47,United States,NYSE,USD,1.0,USD,-,IVV,2026-02-23
MAS,MASCO CORP,Industrials,Equity,198847125.45,0.03,"198,847,125.45",2646003.0,75.15,United States,NYSE,USD,1.0,USD,-,IVV,2026-02-23
NDSN,NORDSON CORP,Industrials,Equity,198171021.16,0.03,"198,171,021.16",682948.0,290.17,United States,NASDAQ,USD,1.0,USD,-,IVV,2026-02-23
IEX,IDEX CORP,Industrials,Equity,197812469.4,0.03,"197,812,469.40",953405.0,207.48,United States,NYSE,USD,1.0,USD,-,IVV,2026-02-23
AVY,AVERY DENNISON CORP,Materials,Equity,193913819.28,0.03,"193,913,819.28",984734.0,196.92,United States,NYSE,USD,1.0,USD,-,IVV,2026-02-23
CF,CF INDUSTRIES HOLDINGS INC,Materials,Equity,193100255.66,0.03,"193,100,255.66",1987037.0,97.18,United States,NYSE,USD,1.0,USD,-,IVV,2026-02-23
CLX,CLOROX,Consumer Staples,Equity,192694006.8,0.03,"192,694,006.80",1559013.0,123.60,United States,NYSE,USD,1.0,USD,-,IVV,2026-02-23
RL,RALPH LAUREN CORP CLASS A,Consumer Discretionary,Equity,190073524.77,0.03,"190,073,524.77",493659.0,385.03,United States,NYSE,USD,1.0,USD,-,IVV,2026-02-23
LYB,LYONDELLBASELL INDUSTRIES NV CLASS,Materials,Equity,186075661.65,0.02,"186,075,661.65",3283495.0,56.67,United States,NYSE,USD,1.0,USD,-,IVV,2026-02-23
EG,EVEREST GROUP LTD,Financials,Equity,183317214.72,0.02,"183,317,214.72",535264.0,342.48,United States,NYSE,USD,1.0,USD,-,IVV,2026-02-23
INVH,INVITATION HOMES INC,Real Estate,Equity,181765901.9,0.02,"181,765,901.90",7184423.0,25.30,United States,NYSE,USD,1.0,USD,-,IVV,2026-02-23
SWK,STANLEY BLACK & DECKER INC,Industrials,Equity,181397353.28,0.02,"181,397,353.28",1972568.0,91.96,United States,NYSE,USD,1.0,USD,-,IVV,2026-02-23
TKO,TKO GROUP HOLDINGS INC CLASS A,Communication,Equity,178275850.48,0.02,"178,275,850.48",844429.0,211.12,United States,NYSE,USD,1.0,USD,-,IVV,2026-02-23
ALLE,ALLEGION PLC,Industrials,Equity,177888009.64,0.02,"177,888,009.64",1097126.0,162.14,United States,NYSE,USD,1.0,USD,-,IVV,2026-02-23
TYL,TYLER TECHNOLOGIES INC,Information Technology,Equity,173972234.91,0.02,"173,972,234.91",548791.0,317.01,United States,NYSE,USD,1.0,USD,-,IVV,2026-02-23
AKAM,AKAMAI TECHNOLOGIES INC,Information Technology,Equity,172588749.12,0.02,"172,588,749.12",1832736.0,94.17,United States,NASDAQ,USD,1.0,USD,-,IVV,2026-02-23
HAS,HASBRO INC,Consumer Discretionary,Equity,172490116.8,0.02,"172,490,116.80",1700080.0,101.46,United States,NASDAQ,USD,1.0,USD,-,IVV,2026-02-23
GNRC,GENERAC HOLDINGS INC,Industrials,Equity,171523045.72,0.02,"171,523,045.72",748388.0,229.19,United States,NYSE,USD,1.0,USD,-,IVV,2026-02-23
HST,HOST HOTELS & RESORTS REIT INC,Real Estate,Equity,166144576.8,0.02,"166,144,576.80",8144342.0,20.40,United States,NASDAQ,USD,1.0,USD,-,IVV,2026-02-23
ZBRA,ZEBRA TECHNOLOGIES CORP CLASS A,Information Technology,Equity,164792319.87,0.02,"164,792,319.87",645207.0,255.41,United States,NASDAQ,USD,1.0,USD,-,IVV,2026-02-23
UHS,UNIVERSAL HEALTH SERVICES INC CLAS,Health Care,Equity,162205032.6,0.02,"162,205,032.60",703740.0,230.49,United States,NYSE,USD,1.0,USD,-,IVV,2026-02-23
ALGN,ALIGN TECHNOLOGY INC,Health Care,Equity,161525550.9,0.02,"161,525,550.90",850045.0,190.02,United States,NASDAQ,USD,1.0,USD,-,IVV,2026-02-23
REG,REGENCY CENTERS REIT CORP,Real Estate,Equity,161159752.65,0.02,"161,159,752.65",2097069.0,76.85,United States,NASDAQ,USD,1.0,USD,-,IVV,2026-02-23
BBY,BEST BUY INC,Consumer Discretionary,Equity,160504389.76,0.02,"160,504,389.76",2489212.0,64.48,United States,NYSE,USD,1.0,USD,-,IVV,2026-02-23
GEN,GEN DIGITAL INC,Information Technology,Equity,159944422.5,0.02,"159,944,422.50",7156350.0,22.35,United States,NASDAQ,USD,1.0,USD,-,IVV,2026-02-23
GDDY,GODADDY INC CLASS A,Information Technology,Equity,156043558.0,0.02,"156,043,558.00",1721575.0,90.64,United States,NYSE,USD,1.0,USD,-,IVV,2026-02-23
BLDR,BUILDERS FIRSTSOURCE INC,Industrials,Equity,155744498.25,0.02,"155,744,498.25",1408815.0,110.55,United States,NYSE,USD,1.0,USD,-,IVV,2026-02-23
DPZ,DOMINOS PIZZA INC,Consumer Discretionary,Equity,152812475.98,0.02,"152,812,475.98",397318.0,384.61,United States,NASDAQ,USD,1.0,USD,-,IVV,2026-02-23
FOXA,FOX CORP CLASS A,Communication,Equity,151345163.94,0.02,"151,345,163.94",2654247.0,57.02,United States,NASDAQ,USD,1.0,USD,-,IVV,2026-02-23
IVZ,INVESCO LTD,Financials,Equity,150382687.5,0.02,"150,382,687.50",5681250.0,26.47,United States,NYSE,USD,1.0,USD,-,IVV,2026-02-23
DOC,HEALTHPEAK PROPERTIES INC,Real Estate,Equity,150383841.85,0.02,"150,383,841.85",8851315.0,16.99,United States,NYSE,USD,1.0,USD,-,IVV,2026-02-23
SJM,JM SMUCKER,Consumer Staples,Equity,150174859.88,0.02,"150,174,859.88",1360526.0,110.38,United States,NYSE,USD,1.0,USD,-,IVV,2026-02-23
PNW,PINNACLE WEST CORP,Utilities,Equity,150093883.5,0.02,"150,093,883.50",1526275.0,98.34,United States,NYSE,USD,1.0,USD,-,IVV,2026-02-23
AES,AES CORP,Utilities,Equity,149941954.37,0.02,"149,941,954.37",9081887.0,16.51,United States,NYSE,USD,1.0,USD,-,IVV,2026-02-23
JKHY,JACK HENRY AND ASSOCIATES INC,Financials,Equity,146794352.27,0.02,"146,794,352.27",922133.0,159.19,United States,NASDAQ,USD,1.0,USD,-,IVV,2026-02-23
GL,GLOBE LIFE INC,Financials,Equity,146399764.41,0.02,"146,399,764.41",1013919.0,144.39,United States,NYSE,USD,1.0,USD,-,IVV,2026-02-23
CPT,CAMDEN PROPERTY TRUST REIT,Real Estate,Equity,145766808.0,0.02,"145,766,808.00",1359765.0,107.20,United States,NYSE,USD,1.0,USD,-,IVV,2026-02-23
RVTY,REVVITY INC,Health Care,Equity,144917253.98,0.02,"144,917,253.98",1444406.0,100.33,United States,NYSE,USD,1.0,USD,-,IVV,2026-02-23
AIZ,ASSURANT INC,Financials,Equity,143130192.21,0.02,"143,130,192.21",638091.0,224.31,United States,NYSE,USD,1.0,USD,-,IVV,2026-02-23
UDR,UDR REIT INC,Real Estate,Equity,142701763.05,0.02,"142,701,763.05",3839165.0,37.17,United States,NYSE,USD,1.0,USD,-,IVV,2026-02-23
BAX,BAXTER INTERNATIONAL INC,Health Care,Equity,141459058.0,0.02,"141,459,058.00",6555100.0,21.58,United States,NYSE,USD,1.0,USD,-,IVV,2026-02-23
IT,GARTNER INC,Information Technology,Equity,141331521.77,0.02,"141,331,521.77",919349.0,153.73,United States,NYSE,USD,1.0,USD,-,IVV,2026-02-23
NCLH,NORWEGIAN CRUISE LINE HOLDINGS LTD,Consumer Discretionary,Equity,140987619.63,0.02,"140,987,619.63",5799573.0,24.31,United States,NYSE,USD,1.0,USD,-,IVV,2026-02-23
TTD,TRADE DESK INC CLASS A,Communication,Equity,140788510.4,0.02,"140,788,510.40",5609104.0,25.10,United States,NASDAQ,USD,1.0,USD,-,IVV,2026-02-23
SOLV,SOLVENTUM CORP,Health Care,Equity,137147623.2,0.02,"137,147,623.20",1880280.0,72.94,United States,NYSE,USD,1.0,USD,-,IVV,2026-02-23
APA,APA CORP,Energy,Equity,131300635.6,0.02,"131,300,635.60",4518260.0,29.06,United States,NASDAQ,USD,1.0,USD,-,IVV,2026-02-23
WYNN,WYNN RESORTS LTD,Consumer Discretionary,Equity,123449755.17,0.02,"123,449,755.17",1074691.0,114.87,United States,NASDAQ,USD,1.0,USD,-,IVV,2026-02-23
MOS,MOSAIC,Materials,Equity,119116836.09,0.02,"119,116,836.09",4047463.0,29.43,United States,NYSE,USD,1.0,USD,-,IVV,2026-02-23
TECH,BIO TECHNE CORP,Health Care,Equity,114837759.68,0.02,"114,837,759.68",1996484.0,57.52,United States,NASDAQ,USD,1.0,USD,-,IVV,2026-02-23
BXP,BXP INC,Real Estate,Equity,114446729.12,0.02,"114,446,729.12",1879874.0,60.88,United States,NYSE,USD,1.0,USD,-,IVV,2026-02-23
SWKS,SKYWORKS SOLUTIONS INC,Information Technology,Equity,113851437.2,0.02,"113,851,437.20",1895944.0,60.05,United States,NASDAQ,USD,1.0,USD,-,IVV,2026-02-23
NWSA,NEWS CORP CLASS A,Communication,Equity,113351517.4,0.02,"113,351,517.40",4792876.0,23.65,United States,NASDAQ,USD,1.0,USD,-,IVV,2026-02-23
CAG,CONAGRA BRANDS INC,Consumer Staples,Equity,112703921.53,0.01,"112,703,921.53",6101999.0,18.47,United States,NYSE,USD,1.0,USD,-,IVV,2026-02-23
AOS,A O SMITH CORP,Industrials,Equity,112385184.74,0.01,"112,385,184.74",1444354.0,77.81,United States,NYSE,USD,1.0,USD,-,IVV,2026-02-23
BEN,FRANKLIN RESOURCES INC,Financials,Equity,108133087.18,0.01,"108,133,087.18",3907954.0,27.67,United States,NYSE,USD,1.0,USD,-,IVV,2026-02-23
FRT,FEDERAL REALTY INVESTMENT TRUST RE,Real Estate,Equity,107470522.95,0.01,"107,470,522.95",1000191.0,107.45,United States,NYSE,USD,1.0,USD,-,IVV,2026-02-23
TAP,MOLSON COORS BREWING CLASS B,Consumer Staples,Equity,107483900.04,0.01,"107,483,900.04",2155714.0,49.86,United States,NYSE,USD,1.0,USD,-,IVV,2026-02-23
ARE,ALEXANDRIA REAL ESTATE EQUITIES RE,Real Estate,Equity,106546593.05,0.01,"106,546,593.05",1985957.0,53.65,United States,NYSE,USD,1.0,USD,-,IVV,2026-02-23
CRL,CHARLES RIVER LABORATORIES INTERNA,Health Care,Equity,105915542.72,0.01,"105,915,542.72",627016.0,168.92,United States,NYSE,USD,1.0,USD,-,IVV,2026-02-23
HSIC,HENRY SCHEIN INC,Health Care,Equity,101415704.79,0.01,"101,415,704.79",1274547.0,79.57,United States,NASDAQ,USD,1.0,USD,-,IVV,2026-02-23
FOX,FOX CORP CLASS B,Communication,Equity,98917819.0,0.01,"98,917,819.00",1893164.0,52.25,United States,NASDAQ,USD,1.0,USD,-,IVV,2026-02-23
MOH,MOLINA HEALTHCARE INC,Health Care,Equity,98875253.0,0.01,"98,875,253.00",654803.0,151.00,United States,NYSE,USD,1.0,USD,-,IVV,2026-02-23
EPAM,EPAM SYSTEMS INC,Information Technology,Equity,97730405.6,0.01,"97,730,405.60",703856.0,138.85,United States,NYSE,USD,1.0,USD,-,IVV,2026-02-23
MGM,MGM RESORTS INTERNATIONAL,Consumer Discretionary,Equity,96234730.15,0.01,"96,234,730.15",2615785.0,36.79,United States,NYSE,USD,1.0,USD,-,IVV,2026-02-23
MTCH,MATCH GROUP INC,Communication,Equity,95722263.51,0.01,"95,722,263.51",3007297.0,31.83,United States,NASDAQ,USD,1.0,USD,-,IVV,2026-02-23
FDS,FACTSET RESEARCH SYSTEMS INC,Financials,Equity,93060500.55,0.01,"93,060,500.55",477111.0,195.05,United States,NYSE,USD,1.0,USD,-,IVV,2026-02-23
HRL,HORMEL FOODS CORP,Consumer Staples,Equity,92950754.82,0.01,"92,950,754.82",3719518.0,24.99,United States,NYSE,USD,1.0,USD,-,IVV,2026-02-23
POOL,POOL CORP,Consumer Discretionary,Equity,92617214.2,0.01,"92,617,214.20",417910.0,221.62,United States,NASDAQ,USD,1.0,USD,-,IVV,2026-02-23
ERIE,ERIE INDEMNITY CLASS A,Financials,Equity,88575814.24,0.01,"88,575,814.24",324406.0,273.04,United States,NASDAQ,USD,1.0,USD,-,IVV,2026-02-23
LW,LAMB WESTON HOLDINGS INC,Consumer Staples,Equity,85565043.18,0.01,"85,565,043.18",1772634.0,48.27,United States,NYSE,USD,1.0,USD,-,IVV,2026-02-23
SGAFT,CASH COLLATERAL USD SGAFT,Cash and/or Derivatives,Cash Collateral and Margins,82394000.0,0.01,"82,394,000.00",82394000.0,100.00,United States,-,USD,1.0,USD,"Sep 01, 2016",IVV,2026-02-23
PAYC,PAYCOM SOFTWARE INC,Industrials,Equity,71388391.98,0.01,"71,388,391.98",622338.0,114.71,United States,NYSE,USD,1.0,USD,-,IVV,2026-02-23
DVA,DAVITA INC,Health Care,Equity,67759767.12,0.01,"67,759,767.12",449544.0,150.73,United States,NYSE,USD,1.0,USD,-,IVV,2026-02-23
BFB,BROWN FORMAN CORP CLASS B,Consumer Staples,Equity,67379102.81,0.01,"67,379,102.81",2246719.0,29.99,United States,NYSE,USD,1.0,USD,-,IVV,2026-02-23
CPB,CAMPBELL SOUP,Consumer Staples,Equity,67351053.87,0.01,"67,351,053.87",2510289.0,26.83,United States,NASDAQ,USD,1.0,USD,-,IVV,2026-02-23
PSKY,PARAMOUNT SKYDANCE CORP CLASS B,Communication,Equity,42443826.39,0.01,"42,443,826.39",3963009.0,10.71,United States,NASDAQ,USD,1.0,USD,-,IVV,2026-02-23
NWS,NEWS CORP CLASS B,Communication,Equity,42142655.7,0.01,"42,142,655.70",1587294.0,26.55,United States,NASDAQ,USD,1.0,USD,-,IVV,2026-02-23
ESH6,S&P500 EMINI MAR 26,Cash and/or Derivatives,Futures,0.0,0.0,"1,091,796,525.00",3154.0,"6,923.25",-,Index And Options Market,USD,1.0,USD,-,IVV,2026-02-23
OTHER,,,,0.0,,,0.0,,,,,,,,IVV,2026-02-23
"The content contained herein is owned or licensed by BlackRock and/or its third-party information providers and is protected by applicable copyrights, trademarks, service marks, and/or other intellectual property rights. Such content is solely for your personal, non-commercial use. Accordingly, you may not copy, distribute, modify, post, frame or deep link this content. You may download material displayed on this Website for your personal use provided you also retain all copyright and other proprietary notices contained on the materials. Modification or use of the materials for any other purpose violates BlackRock's intellectual property rights.
Holdings subject to change. See www.iShares.com for the most recent funds holdings.
The values for “price” shown herein generally represent a price provided by a third-party pricing vendor for the portfolio holding and do not reflect the impact of systematic fair valuation (“the vendor price”). The vendor price is not necessarily the price at which the Fund values the portfolio holding for the purposes of determining its net asset value (the “valuation price”). Additionally, where applicable, foreign currency exchange rates with respect to the portfolio holdings denominated in non-U.S. currencies for the valuation price will be generally determined as of the close of business on the New York Stock Exchange, whereas for the vendor price will be generally determined as of 4 p.m. London. The values shown herein for “market value,” “weight,” and “notional value” (the “calculated values”) are based off of the vendor price and may have been different if the valuation price were to have been used to calculate such values. The vendor price is as of the most recent practicable date and may not necessarily be as of the date shown above.
Please see the “Determination of Net Asset Value” section of each Fund’s prospectus for additional information on the Fund’s valuation policies and procedures.
CAREFULLY CONSIDER THE FUNDS' INVESTMENT OBJECTIVES, RISK FACTORS, AND CHARGES AND EXPENSES BEFORE INVESTING. THIS AND OTHER INFORMATION CAN BE FOUND IN THE FUNDS' PROSPECTUSES OR, IF AVAILABLE, THE SUMMARY PROSPECTUSES WHICH MAY BE OBTAINED BY VISITING WWW.ISHARES.COM OR WWW.BLACKROCK.COM. READ THE PROSPECTUS CAREFULLY BEFORE INVESTING. INVESTING INVOLVES RISK, INCLUDING POSSIBLE LOSS OF PRINCIPAL.
This information should not be relied upon as research, investment advice, or a recommendation regarding any products, strategies, or any security in particular.
This material is strictly for illustrative, educational, or informational purposes and is subject to change.
The Funds are distributed by BlackRock Investments, LLC (together with its affiliates, “BlackRock”).
The iShares Funds are not sponsored, endorsed, issued, sold or promoted by Bloomberg, BlackRock Index Services, LLC, Cboe Global Indices, LLC, Cohen & Steers, European Public Real Estate Association (“EPRA® ”), FTSE International Limited (“FTSE”), ICE Data Indices, LLC, NSE Indices Ltd, JPMorgan, JPX Group, London Stock Exchange Group (“LSEG”), MSCI Inc., Markit Indices Limited, Morningstar, Inc., Nasdaq, Inc., National Association of Real Estate Investment Trusts (“NAREIT”), Nikkei, Inc., Russell, S&P Dow Jones Indices LLC or STOXX Ltd. None of these companies make any representation regarding the advisability of investing in the Funds. With the exception of BlackRock Index Services, LLC, who is an affiliate, BlackRock Investments, LLC is not affiliated with the companies listed above. Neither FTSE, LSEG, nor NAREIT makes any warranty regarding the FTSE Nareit Equity REITS Index, FTSE Nareit All Residential Capped Index or FTSE Nareit All Mortgage Capped Index. Neither FTSE, EPRA, LSEG, nor NAREIT makes any warranty regarding the FTSE EPRA Nareit Developed ex-U.S. Index, FTSE EPRA Nareit Developed Green Target Index or FTSE EPRA Nareit Global REITs Index. “FTSE®” is a trademark of London Stock Exchange Group companies and is used by FTSE under license.
©2023 BlackRock, Inc or its affiliates. All rights reserved. iSHARES, iBONDS and BLACKROCK are trademarks of BlackRock, Inc. or its affiliates. All other trademarks are those of their respective owners.",,,,0.0,,,0.0,,,,,,,,IVV,2026-02-23
