Symbol,Name,"Security Identifier",Weighting,"Net Value","Shares Held"
,"Cash & Other",,16.26%,"$1,330,874.67",1330875
,"BLOOM ENERGY CORP. CLASS A",093712107,5.05%,"$413,315.00",3500
,"Nebius Group NV",N97284108,5.02%,"$411,200.00",4000
,"MICROSTRATEGY INC-CL A",594972408,5.00%,"$409,222.00",2200
,"JOBY AVIATION INC CLASS A",G65163100,4.97%,"$406,608.00",25800
,"NextNav Inc",65345N106,4.94%,"$404,289.00",26100
,"CREDO TECHNOLOGY GROUP HO",G25457105,4.86%,"$398,024.00",2200
,"VIKING THERAPEUTICS INC",92686J106,4.85%,"$397,271.00",10300
,"LUCID GROUP INC",549498202,4.79%,"$391,955.00",27700
,"GALAXY DIGITAL INC",36317J209,4.72%,"$385,980.00",14000
,"CORE SCIENTIFIC INC",21874A106,4.72%,"$386,008.00",22600
,"APPLIED OPTOELECTRONICS INC",03823U102,4.58%,"$375,232.00",14300
,"FIRST AMERICAN GOVERNMENT OBLI FIRST AM GOV OBLIG X",31846V336,4.55%,"$372,522.05",372522
,"IREN Ltd",Q4982L109,4.54%,"$371,600.00",8000
,"RIOT PLATFORMS INC.",767292105,4.46%,"$364,806.00",23400
,"TERAWULF INC",88080T104,4.45%,"$363,910.00",24100
,"ROCKET LAB CORP",773121108,4.40%,"$360,401.00",7300
,"COREWEAVE INC",21873S108,4.40%,"$360,150.00",4200
,"SUNRUN INC",86771W105,4.30%,"$352,320.00",19200
,"NANO NUCLEAR ENERGY INC",63010H108,4.24%,"$347,415.00",9500
,"ASTS US 12/05/25 C63",,0.69%,"$56,430.00",54
,"RKLB US 12/05/25 C46",,0.31%,"$25,550.00",73
,"CRWV US 12/05/25 C81",,0.27%,"$21,798.00",42
,"APLD US 12/05/25 C30",,0.20%,"$16,588.00",116
,"NNE US 12/05/25 C36",,0.15%,"$12,065.00",95
,"BE US 12/05/25 C122",,0.09%,"$7,700.00",35
,"JOBY US 12/05/25 C16",,0.08%,"$6,450.00",258
,"NBIS US 12/05/25 C104",,0.06%,"$5,320.00",40
,"NN US 12/05/25 C16",,0.05%,"$3,915.00",261
,"VKTX US 12/05/25 C40",,0.05%,"$4,326.00",103
,"LCID US 12/05/25 C14.5",,0.04%,"$3,601.00",277
,"RUN US 12/05/25 P17.5",,0.04%,"$3,456.00",384
,"NN US 12/05/25 P13",,0.03%,"$2,088.00",261
,"AAOI US 12/05/25 P24",,0.02%,"$1,859.00",143
,"AAOI US 12/05/25 C30",,0.02%,"$1,430.00",143
,"WULF US 12/05/25 P13",,0.02%,"$1,446.00",482
,"MSTR US 12/05/25 C195",,0.02%,"$1,452.00",22
,"GLXY US 12/05/25 C30",,0.02%,"$1,400.00",140
,"RUN US 12/05/25 C21.5",,0.02%,"$1,344.00",192
,"WULF US 12/05/25 C18",,0.01%,"$1,205.00",241
,"NNE US 12/05/25 P29",,0.01%,$475.00,95
,"RIOT US 12/05/25 P14",,0.01%,$936.00,468
,"GLXY US 12/05/25 P24",,0.01%,$420.00,140
,"VKTX US 12/05/25 P33",,0.01%,"$1,030.00",103
,"JOBY US 12/05/25 P13",,0.01%,$774.00,258
,"CORZ US 12/05/25 C19",,0.01%,$452.00,226
,"CORZ US 12/05/25 P15",,0.01%,$452.00,226
,"IREN US 12/05/25 P40",,0.01%,"$1,120.00",160
,"LCID US 12/05/25 P12.5",,0.01%,$554.00,277
,"CRDO US 12/05/25 C210",,0.00%,$66.00,22
,"MSTR US 12/05/25 P165",,0.00%,$154.00,22
,"LCID US 12/05/25 P13.5",,0.00%,$-4.00,-1
,"RIOT US 12/05/25 C18",,0.00%,$234.00,234
,"BE US 12/05/25 P94",,0.00%,$245.00,35
,"CRDO US 12/05/25 P145",,0.00%,$352.00,44
,"ASTS US 12/05/25 P51",,0.00%,$108.00,54
,"RKLB US 12/05/25 P39",,0.00%,$146.00,73
,"NBIS US 12/05/25 P86",,0.00%,$280.00,40
,"APLD US 12/05/25 P24",,0.00%,$116.00,116
,"CRWV US 12/05/25 P67",,0.00%,$84.00,42
,"RUN US 12/05/25 C20",,-0.01%,$-768.00,-192
,"RIOT US 12/05/25 C16.5",,-0.02%,"$-1,404.00",-234
,"WULF US 12/05/25 C16",,-0.02%,"$-1,928.00",-241
,"MSTR US 12/05/25 P180",,-0.03%,"$-2,244.00",-22
,"BE US 12/05/25 P108",,-0.03%,"$-2,275.00",-35
,"AAOI US 12/05/25 C27",,-0.03%,"$-2,717.00",-143
,"GLXY US 12/05/25 P27",,-0.04%,"$-3,500.00",-140
,"NN US 12/05/25 P14.5",,-0.06%,"$-4,698.00",-261
,"CORZ US 12/05/25 P17",,-0.08%,"$-6,554.00",-226
,"CORZ US 12/05/25 C17",,-0.09%,"$-7,684.00",-226
,"CRDO US 12/05/25 C177.5",,-0.14%,"$-11,374.00",-22
,"GLXY US 12/05/25 C27",,-0.16%,"$-13,300.00",-140
,"MSTR US 12/05/25 C180",,-0.19%,"$-15,730.00",-22
,"AAOI US 12/05/25 P27",,-0.21%,"$-17,303.00",-143
,"LCID US 12/05/25 C13.5",,-0.23%,"$-18,559.00",-277
,"IREN US 12/05/25 P48.5",,-0.24%,"$-19,440.00",-80
,"RIOT US 12/05/25 P16.5",,-0.29%,"$-23,400.00",-234
,"NN US 12/05/25 C14.5",,-0.30%,"$-24,534.00",-261
,"VKTX US 12/05/25 C36.5",,-0.30%,"$-24,205.00",-103
,"WULF US 12/05/25 P16",,-0.31%,"$-25,305.00",-241
,"RUN US 12/05/25 P20",,-0.38%,"$-30,720.00",-192
,"JOBY US 12/05/25 C14.5",,-0.39%,"$-31,734.00",-258
,"NBIS US 12/05/25 C95",,-0.39%,"$-32,000.00",-40
,"BE US 12/05/25 C108",,-0.46%,"$-37,765.00",-35
,"NNE US 12/05/25 C32.5",,-0.52%,"$-42,275.00",-95
,"APLD US 12/05/25 C27",,-0.57%,"$-46,400.00",-116
,"RKLB US 12/05/25 C42.5",,-0.62%,"$-50,662.00",-73
,"CRWV US 12/05/25 C74",,-0.62%,"$-50,400.00",-42
,"ASTS US 12/05/25 C57",,-1.10%,"$-89,856.00",-54
