Name,Ticker,Security Type,CUSIP,ISIN,SEDOL,Share Quantity,Market Value,Weight,Coupon,Maturity Date,Sector,Country,ETF Ticker,Date,Underlying_Ticker,Option_Strike,Option_Expiry,Option_Type,Underlying_Price,DTE,Moneyness
MICRON TECHNOLOGY INC COMMON STOCK USD.1,MU,COMMON STOCK,595112103,US5951121038,2588184,880985,424388094.2,3.7219343848880286,0,,INFORMATION TECHNOLOGY,UNITED STATES,AVLV,2026-04-25,,,,,,,
AMAZON.COM INC COMMON STOCK USD.01,AMZN,COMMON STOCK,023135106,US0231351067,2000019,1400727,357297443.16,3.133541344595478,0,,CONSUMER DISCRETIONARY,UNITED STATES,AVLV,2026-04-25,,,,,,,
EXXON MOBIL CORP COMMON STOCK,XOM,COMMON STOCK,30231G102,US30231G1022,2326618,2291611,344956203.83,3.0253071984395943,0,,ENERGY,UNITED STATES,AVLV,2026-04-25,,,,,,,
META PLATFORMS INC CLASS A COMMON STOCK USD.000006,META,COMMON STOCK,30303M102,US30303M1027,B7TL820,517318,340990159.7,2.9905245166886925,0,,COMMUNICATION SERVICES,UNITED STATES,AVLV,2026-04-25,,,,,,,
APPLE INC COMMON STOCK USD.00001,AAPL,COMMON STOCK,037833100,US0378331005,2046251,1215380,332321353.4,2.9144980477918088,0,,INFORMATION TECHNOLOGY,UNITED STATES,AVLV,2026-04-25,,,,,,,
CATERPILLAR INC COMMON STOCK USD1.0,CAT,COMMON STOCK,149123101,US1491231015,2180201,371480,310274955.2,2.721148496649963,0,,INDUSTRIALS,UNITED STATES,AVLV,2026-04-25,,,,,,,
LAM RESEARCH CORP COMMON STOCK USD.001,LRCX,COMMON STOCK,512807306,US5128073062,BSML4N7,1114202,288088069.12,2.5265668499842833,0,,INFORMATION TECHNOLOGY,UNITED STATES,AVLV,2026-04-25,,,,,,,
COSTCO WHOLESALE CORP COMMON STOCK USD.005,COST,COMMON STOCK,22160K105,US22160K1051,2701271,249741,253332275.58,2.221754380411014,0,,CONSUMER STAPLES,UNITED STATES,AVLV,2026-04-25,,,,,,,
MERCK + CO. INC. COMMON STOCK USD.5,MRK,COMMON STOCK,58933Y105,US58933Y1055,2778844,2139441,245222727.42,2.1506326723444698,0,,HEALTH CARE,UNITED STATES,AVLV,2026-04-25,,,,,,,
JPMORGAN CHASE + CO COMMON STOCK USD1.0,JPM,COMMON STOCK,46625H100,US46625H1005,2190385,757521,236111720.49,2.0707280509915926,0,,FINANCIALS,UNITED STATES,AVLV,2026-04-25,,,,,,,
UNION PACIFIC CORP COMMON STOCK USD2.5,UNP,COMMON STOCK,907818108,US9078181081,2914734,676491,183504948.66,1.609360365073989,0,,INDUSTRIALS,UNITED STATES,AVLV,2026-04-25,,,,,,,
VERIZON COMMUNICATIONS INC COMMON STOCK USD.1,VZ,COMMON STOCK,92343V104,US92343V1044,2090571,3871789,182825876.58,1.6034048216482626,0,,COMMUNICATION SERVICES,UNITED STATES,AVLV,2026-04-25,,,,,,,
GILEAD SCIENCES INC COMMON STOCK USD.001,GILD,COMMON STOCK,375558103,US3755581036,2369174,1354676,181038900.64,1.5877328287555514,0,,HEALTH CARE,UNITED STATES,AVLV,2026-04-25,,,,,,,
TJX COMPANIES INC COMMON STOCK USD1.0,TJX,COMMON STOCK,872540109,US8725401090,2989301,1123878,177966081.3,1.560783835330903,0,,CONSUMER DISCRETIONARY,UNITED STATES,AVLV,2026-04-25,,,,,,,
CONOCOPHILLIPS COMMON STOCK USD.01,COP,COMMON STOCK,20825C104,US20825C1045,2685717,1335511,166097503.07,1.4566949835989955,0,,ENERGY,UNITED STATES,AVLV,2026-04-25,,,,,,,
MICROSOFT CORP COMMON STOCK USD.00000625,MSFT,COMMON STOCK,594918104,US5949181045,2588173,382695,159105446.25,1.395373808346646,0,,INFORMATION TECHNOLOGY,UNITED STATES,AVLV,2026-04-25,,,,,,,
WALMART INC COMMON STOCK USD.1,WMT,COMMON STOCK,931142103,US9311421039,2936921,1183046,156197563.38,1.3698713275065981,0,,CONSUMER STAPLES,UNITED STATES,AVLV,2026-04-25,,,,,,,
APPLIED MATERIALS INC COMMON STOCK USD.01,AMAT,COMMON STOCK,038222105,US0382221051,2046552,366256,147934460.96,1.2974029301995904,0,,INFORMATION TECHNOLOGY,UNITED STATES,AVLV,2026-04-25,,,,,,,
KLA CORP COMMON STOCK USD.001,KLAC,COMMON STOCK,482480100,US4824801009,2480138,76950,139697338.5,1.225162380251553,0,,INFORMATION TECHNOLOGY,UNITED STATES,AVLV,2026-04-25,,,,,,,
MORGAN STANLEY COMMON STOCK USD.01,MS,COMMON STOCK,617446448,US6174464486,2262314,697057,131499803.05,1.1532690131197338,0,,FINANCIALS,UNITED STATES,AVLV,2026-04-25,,,,,,,
CSX CORP COMMON STOCK USD1.0,CSX,COMMON STOCK,126408103,US1264081035,2160753,2730925,126114116.5,1.10603589741591,0,,INDUSTRIALS,UNITED STATES,AVLV,2026-04-25,,,,,,,
GENERAL MOTORS CO COMMON STOCK USD.01,GM,COMMON STOCK,37045V100,US37045V1008,B665KZ5,1550383,121736073.16,1.0676399332774889,0,,CONSUMER DISCRETIONARY,UNITED STATES,AVLV,2026-04-25,,,,,,,
PROGRESSIVE CORP COMMON STOCK USD1.0,PGR,COMMON STOCK,743315103,US7433151039,2705024,591150,121380829.5,1.064524403857042,0,,FINANCIALS,UNITED STATES,AVLV,2026-04-25,,,,,,,
AMERICAN EXPRESS CO COMMON STOCK USD.2,AXP,COMMON STOCK,025816109,US0258161092,2026082,380534,121219105.7,1.0631060667728942,0,,FINANCIALS,UNITED STATES,AVLV,2026-04-25,,,,,,,
ROSS STORES INC COMMON STOCK USD.01,ROST,COMMON STOCK,778296103,US7782961038,2746711,533115,120974455.8,1.0609604578655898,0,,CONSUMER DISCRETIONARY,UNITED STATES,AVLV,2026-04-25,,,,,,,
FEDEX CORP COMMON STOCK USD.1,FDX,COMMON STOCK,31428X106,US31428X1063,2142784,282790,111048805.1,0.9739113131379148,0,,INDUSTRIALS,UNITED STATES,AVLV,2026-04-25,,,,,,,
EOG RESOURCES INC COMMON STOCK USD.01,EOG,COMMON STOCK,26875P101,US26875P1012,2318024,803891,107616888.17,0.9438129908654086,0,,ENERGY,UNITED STATES,AVLV,2026-04-25,,,,,,,
TRAVELERS COS INC/THE COMMON STOCK,TRV,COMMON STOCK,89417E109,US89417E1091,2769503,349010,107261243.3,0.9406939427852373,0,,FINANCIALS,UNITED STATES,AVLV,2026-04-25,,,,,,,
UNITED PARCEL SERVICE CL B COMMON STOCK USD.01,UPS,COMMON STOCK,911312106,US9113121068,2517382,986616,106278275.52,0.9320731976945541,0,,INDUSTRIALS,UNITED STATES,AVLV,2026-04-25,,,,,,,
DEERE + CO COMMON STOCK USD1.0,DE,COMMON STOCK,244199105,US2441991054,2261203,168586,99794482.7,0.8752095585608055,0,,INDUSTRIALS,UNITED STATES,AVLV,2026-04-25,,,,,,,
WILLIAMS COS INC COMMON STOCK USD1.0,WMB,COMMON STOCK,969457100,US9694571004,2967181,1390947,99661352.55,0.8740419912097838,0,,ENERGY,UNITED STATES,AVLV,2026-04-25,,,,,,,
NORFOLK SOUTHERN CORP COMMON STOCK USD1.0,NSC,COMMON STOCK,655844108,US6558441084,2641894,293765,94427821.6,0.8281432983308054,0,,INDUSTRIALS,UNITED STATES,AVLV,2026-04-25,,,,,,,
COMCAST CORP CLASS A COMMON STOCK USD.01,CMCSA,COMMON STOCK,20030N101,US20030N1019,2044545,2982491,94366015.24,0.8276012491554571,0,,COMMUNICATION SERVICES,UNITED STATES,AVLV,2026-04-25,,,,,,,
TARGA RESOURCES CORP COMMON STOCK USD.001,TRGP,COMMON STOCK,87612G101,US87612G1013,B55PZY3,391833,94004655.03,0.8244320768593664,0,,ENERGY,UNITED STATES,AVLV,2026-04-25,,,,,,,
TARGET CORP COMMON STOCK USD.0833,TGT,COMMON STOCK,87612E106,US87612E1064,2259101,719180,93615660.6,0.821020549146092,0,,CONSUMER STAPLES,UNITED STATES,AVLV,2026-04-25,,,,,,,
CHENIERE ENERGY INC COMMON STOCK USD.003,LNG,COMMON STOCK,16411R208,US16411R2085,2654364,356830,91773107.7,0.8048611396616846,0,,ENERGY,UNITED STATES,AVLV,2026-04-25,,,,,,,
FREEPORT MCMORAN INC COMMON STOCK USD.1,FCX,COMMON STOCK,35671D857,US35671D8570,2352118,1467970,90250795.6,0.7915102803257227,0,,MATERIALS,UNITED STATES,AVLV,2026-04-25,,,,,,,
ALLSTATE CORP COMMON STOCK USD.01,ALL,COMMON STOCK,020002101,US0200021014,2019952,400603,86754585.68,0.7608481008351214,0,,FINANCIALS,UNITED STATES,AVLV,2026-04-25,,,,,,,
DELTA AIR LINES INC COMMON STOCK USD.0001,DAL,COMMON STOCK,247361702,US2473617023,B1W9D46,1225336,83776222.32,0.7347274976613422,0,,INDUSTRIALS,UNITED STATES,AVLV,2026-04-25,,,,,,,
ROYAL CARIBBEAN CRUISES LTD COMMON STOCK USD.01,RCL,COMMON STOCK,V7780T103,LR0008862868,2754907,312605,81411720.15,0.713990530602323,0,,CONSUMER DISCRETIONARY,UNITED STATES,AVLV,2026-04-25,,,,,,,
WW GRAINGER INC COMMON STOCK USD.5,GWW,COMMON STOCK,384802104,US3848021040,2380863,69406,80851743.46,0.709079468002474,0,,INDUSTRIALS,UNITED STATES,AVLV,2026-04-25,,,,,,,
T MOBILE US INC COMMON STOCK USD.0001,TMUS,COMMON STOCK,872590104,US8725901040,B94Q9V0,410165,79600721.55,0.6981078561059278,0,,COMMUNICATION SERVICES,UNITED STATES,AVLV,2026-04-25,,,,,,,
AMERIPRISE FINANCIAL INC COMMON STOCK USD.01,AMP,COMMON STOCK,03076C106,US03076C1062,B0J7D57,168046,77238982.98,0.6773951261497082,0,,FINANCIALS,UNITED STATES,AVLV,2026-04-25,,,,,,,
HARTFORD INSURANCE GROUP INC COMMON STOCK USD.01,HIG,COMMON STOCK,416515104,US4165151048,2476193,544108,75962917.88,0.6662038824792217,0,,FINANCIALS,UNITED STATES,AVLV,2026-04-25,,,,,,,
KROGER CO COMMON STOCK USD1.0,KR,COMMON STOCK,501044101,US5010441013,2497406,1080928,74692124.8,0.6550588750551897,0,,CONSUMER STAPLES,UNITED STATES,AVLV,2026-04-25,,,,,,,
FLEX LTD COMMON STOCK,FLEX,COMMON STOCK,Y2573F102,SG9999000020,2353058,854140,74224766.0,0.650960082436893,0,,INFORMATION TECHNOLOGY,UNITED STATES,AVLV,2026-04-25,,,,,,,
OLD DOMINION FREIGHT LINE COMMON STOCK USD.1,ODFL,COMMON STOCK,679580100,US6795801009,2656423,317997,70843371.66,0.621304849326181,0,,INDUSTRIALS,UNITED STATES,AVLV,2026-04-25,,,,,,,
NETFLIX INC COMMON STOCK USD.001,NFLX,COMMON STOCK,64110L106,US64110L1061,2857817,760244,70565848.08,0.618870934310336,0,,COMMUNICATION SERVICES,UNITED STATES,AVLV,2026-04-25,,,,,,,
TECHNIPFMC PLC COMMON STOCK USD1.0,FTI,COMMON STOCK,G87110105,GB00BDSFG982,BDSFG98,956847,69313996.68,0.607892047687201,0,,ENERGY,UNITED STATES,AVLV,2026-04-25,,,,,,,
CUMMINS INC COMMON STOCK USD2.5,CMI,COMMON STOCK,231021106,US2310211063,2240202,103249,67827365.57,0.5948541149045113,0,,INDUSTRIALS,UNITED STATES,AVLV,2026-04-25,,,,,,,
ON SEMICONDUCTOR COMMON STOCK USD.01,ON,COMMON STOCK,682189105,US6821891057,2583576,665454,65068092.12,0.5706549564662359,0,,INFORMATION TECHNOLOGY,UNITED STATES,AVLV,2026-04-25,,,,,,,
AMERICAN INTERNATIONAL GROUP COMMON STOCK USD2.5,AIG,COMMON STOCK,026874784,US0268747849,2027342,845059,64503353.47,0.5657021309071859,0,,FINANCIALS,UNITED STATES,AVLV,2026-04-25,,,,,,,
UNITED AIRLINES HOLDINGS INC COMMON STOCK USD.01,UAL,COMMON STOCK,910047109,US9100471096,B4QG225,687489,62733371.25,0.5501791749730031,0,,INDUSTRIALS,UNITED STATES,AVLV,2026-04-25,,,,,,,
DEVON ENERGY CORP COMMON STOCK USD.1,DVN,COMMON STOCK,25179M103,US25179M1036,2480677,1281117,61685783.55,0.5409917054489917,0,,ENERGY,UNITED STATES,AVLV,2026-04-25,,,,,,,
OCCIDENTAL PETROLEUM CORP COMMON STOCK USD.2,OXY,COMMON STOCK,674599105,US6745991058,2655408,1059319,61260417.77,0.53726119664261,0,,ENERGY,UNITED STATES,AVLV,2026-04-25,,,,,,,
METLIFE INC COMMON STOCK USD.01,MET,COMMON STOCK,59156R108,US59156R1086,2573209,801676,60975476.56,0.5347622281237833,0,,FINANCIALS,UNITED STATES,AVLV,2026-04-25,,,,,,,
SYNCHRONY FINANCIAL COMMON STOCK USD.001,SYF,COMMON STOCK,87165B103,US87165B1035,BP96PS6,793160,60771919.2,0.5329770057110076,0,,FINANCIALS,UNITED STATES,AVLV,2026-04-25,,,,,,,
EMCOR GROUP INC COMMON STOCK USD.01,EME,COMMON STOCK,29084Q100,US29084Q1004,2474164,65833,57479450.63,0.5041016622475054,0,,INDUSTRIALS,UNITED STATES,AVLV,2026-04-25,,,,,,,
ULTA BEAUTY INC COMMON STOCK,ULTA,COMMON STOCK,90384S303,US90384S3031,B28TS42,100592,56778148.48,0.49795115844696564,0,,CONSUMER DISCRETIONARY,UNITED STATES,AVLV,2026-04-25,,,,,,,
ARCH CAPITAL GROUP LTD COMMON STOCK USD.01,ACGL,COMMON STOCK,G0450A105,BMG0450A1053,2740542,561565,55072679.55,0.4829939917882474,0,,FINANCIALS,UNITED STATES,AVLV,2026-04-25,,,,,,,
HALLIBURTON CO COMMON STOCK USD2.5,HAL,COMMON STOCK,406216101,US4062161017,2405302,1382861,54830438.65,0.4808695100992976,0,,ENERGY,UNITED STATES,AVLV,2026-04-25,,,,,,,
CARNIVAL CORP COMMON STOCK USD.01,CCL,COMMON STOCK,143658300,PA1436583006,2523044,1986332,52935747.8,0.4642528445525389,0,,CONSUMER DISCRETIONARY,UNITED STATES,AVLV,2026-04-25,,,,,,,
DOLLAR GENERAL CORP COMMON STOCK USD.875,DG,COMMON STOCK,256677105,US2566771059,B5B1S13,432494,52790217.64,0.4629765276295505,0,,CONSUMER STAPLES,UNITED STATES,AVLV,2026-04-25,,,,,,,
COTERRA ENERGY INC COMMON STOCK USD.1,CTRA,COMMON STOCK,127097103,US1270971039,2162340,1533727,51609913.55,0.45262511947924383,0,,ENERGY,UNITED STATES,AVLV,2026-04-25,,,,,,,
CHIPOTLE MEXICAN GRILL INC COMMON STOCK USD.01,CMG,COMMON STOCK,169656105,US1696561059,B0X7DZ3,1494063,50648735.7,0.4441954746828896,0,,CONSUMER DISCRETIONARY,UNITED STATES,AVLV,2026-04-25,,,,,,,
WILLIAMS SONOMA INC COMMON STOCK USD.01,WSM,COMMON STOCK,969904101,US9699041011,2967589,259555,49935786.45,0.4379428244212058,0,,CONSUMER DISCRETIONARY,UNITED STATES,AVLV,2026-04-25,,,,,,,
PRUDENTIAL FINANCIAL INC COMMON STOCK USD.01,PRU,COMMON STOCK,744320102,US7443201022,2819118,516203,48703753.05,0.4271377440302617,0,,FINANCIALS,UNITED STATES,AVLV,2026-04-25,,,,,,,
BURLINGTON STORES INC COMMON STOCK USD.0001,BURL,COMMON STOCK,122017106,US1220171060,BF311Y5,144950,47778419.0,0.419022453650368,0,,CONSUMER DISCRETIONARY,UNITED STATES,AVLV,2026-04-25,,,,,,,
NORTHERN TRUST CORP COMMON STOCK USD1.666666,NTRS,COMMON STOCK,665859104,US6658591044,2648668,287242,47506954.38,0.4166416764389734,0,,FINANCIALS,UNITED STATES,AVLV,2026-04-25,,,,,,,
HUNT (JB) TRANSPRT SVCS INC COMMON STOCK USD.01,JBHT,COMMON STOCK,445658107,US4456581077,2445416,184808,46887637.68,0.4112101948484953,0,,INDUSTRIALS,UNITED STATES,AVLV,2026-04-25,,,,,,,
NEXTPOWER INC CL A COMMON STOCK USD.0001,NXT,COMMON STOCK,65290E101,US65290E1010,BR1GTS6,372077,46271495.72,0.4058065561078298,0,,INDUSTRIALS,UNITED STATES,AVLV,2026-04-25,,,,,,,
EXPEDITORS INTL WASH INC COMMON STOCK USD.01,EXPD,COMMON STOCK,302130109,US3021301094,2325507,308989,46271102.75,0.4058031097138918,0,,INDUSTRIALS,UNITED STATES,AVLV,2026-04-25,,,,,,,
CF INDUSTRIES HOLDINGS INC COMMON STOCK USD.01,CF,COMMON STOCK,125269100,US1252691001,B0G4K50,350973,44078699.07,0.38657546701215867,0,,MATERIALS,UNITED STATES,AVLV,2026-04-25,,,,,,,
DOLLAR TREE INC COMMON STOCK USD.01,DLTR,COMMON STOCK,256746108,US2567461080,2272476,422213,43171279.25,0.3786172865736771,0,,CONSUMER STAPLES,UNITED STATES,AVLV,2026-04-25,,,,,,,
VIATRIS INC COMMON STOCK,VTRS,COMMON STOCK,92556V106,US92556V1061,BMWS3X9,2835940,41830115.0,0.3668551155653992,0,,HEALTH CARE,UNITED STATES,AVLV,2026-04-25,,,,,,,
ONEOK INC COMMON STOCK USD.01,OKE,COMMON STOCK,682680103,US6826801036,2130109,466965,40724017.65,0.3571545094073517,0,,ENERGY,UNITED STATES,AVLV,2026-04-25,,,,,,,
DIAMONDBACK ENERGY INC COMMON STOCK USD.01,FANG,COMMON STOCK,25278X109,US25278X1090,B7Y8YR3,205084,40112379.56,0.35179037014569425,0,,ENERGY,UNITED STATES,AVLV,2026-04-25,,,,,,,
TRACTOR SUPPLY COMPANY COMMON STOCK USD.008,TSCO,COMMON STOCK,892356106,US8923561067,2900335,1035436,39522592.12,0.34661786370003367,0,,CONSUMER DISCRETIONARY,UNITED STATES,AVLV,2026-04-25,,,,,,,
CONSTELLATION BRANDS INC A COMMON STOCK USD.01,STZ,COMMON STOCK,21036P108,US21036P1084,2170473,244344,38926442.64,0.34138956140204446,0,,CONSUMER STAPLES,UNITED STATES,AVLV,2026-04-25,,,,,,,
LPL FINANCIAL HOLDINGS INC COMMON STOCK,LPLA,COMMON STOCK,50212V100,US50212V1008,B75JX34,120306,38618226.0,0.3386864645760765,0,,FINANCIALS,UNITED STATES,AVLV,2026-04-25,,,,,,,
APA CORP COMMON STOCK USD.625,APA,COMMON STOCK,03743Q108,US03743Q1085,BNNF1C1,959609,37098483.94,0.32535814479854536,0,,ENERGY,UNITED STATES,AVLV,2026-04-25,,,,,,,
LYONDELLBASELL INDU CL A COMMON STOCK EUR.04,LYB,COMMON STOCK,N53745100,NL0009434992,B3SPXZ3,515703,36470516.16,0.3198507922009432,0,,MATERIALS,UNITED STATES,AVLV,2026-04-25,,,,,,,
DECKERS OUTDOOR CORP COMMON STOCK USD.01,DECK,COMMON STOCK,243537107,US2435371073,2267278,337116,36310764.36,0.3184497497928413,0,,CONSUMER DISCRETIONARY,UNITED STATES,AVLV,2026-04-25,,,,,,,
PACKAGING CORP OF AMERICA COMMON STOCK USD.01,PKG,COMMON STOCK,695156109,US6951561090,2504566,164132,35291662.64,0.3095121057231681,0,,MATERIALS,UNITED STATES,AVLV,2026-04-25,,,,,,,
RENAISSANCERE HOLDINGS LTD COMMON STOCK USD1.0,RNR,COMMON STOCK,G7496G103,BMG7496G1033,2728429,112526,35270149.44,0.30932343238406346,0,,FINANCIALS,UNITED STATES,AVLV,2026-04-25,,,,,,,
OVINTIV INC COMMON STOCK,OVV,COMMON STOCK,69047Q102,US69047Q1022,BJ01KB6,600471,33974649.18,0.29796174003401127,0,,ENERGY,UNITED STATES,AVLV,2026-04-25,,,,,,,
PERMIAN RESOURCES CORP CL A COMMON STOCK USD.0001,PR,COMMON STOCK,71424F105,US71424F1057,BQPCHB2,1628252,33965336.72,0.2978800686451208,0,,ENERGY,UNITED STATES,AVLV,2026-04-25,,,,,,,
PRINCIPAL FINANCIAL GROUP COMMON STOCK USD.01,PFG,COMMON STOCK,74251V102,US74251V1026,2803014,344340,33400980.0,0.29293059265788746,0,,FINANCIALS,UNITED STATES,AVLV,2026-04-25,,,,,,,
EAST WEST BANCORP INC COMMON STOCK USD.001,EWBC,COMMON STOCK,27579R104,US27579R1041,2487407,263399,32703619.84,0.28681466058149924,0,,FINANCIALS,UNITED STATES,AVLV,2026-04-25,,,,,,,
TALEN ENERGY CORP COMMON STOCK USD.001,TLN,COMMON STOCK,87422Q109,US87422Q1094,BRRF114,94177,32514609.25,0.2851570150828547,0,,UTILITIES,UNITED STATES,AVLV,2026-04-25,,,,,,,
RALPH LAUREN CORP COMMON STOCK USD.01,RL,COMMON STOCK,751212101,US7512121010,B4V9661,86251,32011196.14,0.2807420218501996,0,,CONSUMER DISCRETIONARY,UNITED STATES,AVLV,2026-04-25,,,,,,,
T ROWE PRICE GROUP INC COMMON STOCK USD.2,TROW,COMMON STOCK,74144T108,US74144T1088,2702337,319954,31832223.46,0.279172410023781,0,,FINANCIALS,UNITED STATES,AVLV,2026-04-25,,,,,,,
CENTENE CORP COMMON STOCK USD.001,CNC,COMMON STOCK,15135B101,US15135B1017,2807061,760866,31263983.94,0.27418888141578107,0,,HEALTH CARE,UNITED STATES,AVLV,2026-04-25,,,,,,,
BJ S WHOLESALE CLUB HOLDINGS COMMON STOCK USD.01,BJ,COMMON STOCK,05550J101,US05550J1016,BFZNZF8,315732,30613374.72,0.2684829606792252,0,,CONSUMER STAPLES,UNITED STATES,AVLV,2026-04-25,,,,,,,
BORGWARNER INC COMMON STOCK USD.01,BWA,COMMON STOCK,099724106,US0997241064,2111955,541094,30377017.16,0.2664100765863043,0,,CONSUMER DISCRETIONARY,UNITED STATES,AVLV,2026-04-25,,,,,,,
LAS VEGAS SANDS CORP COMMON STOCK USD.001,LVS,COMMON STOCK,517834107,US5178341070,B02T2J7,571497,29689269.15,0.2603784442159791,0,,CONSUMER DISCRETIONARY,UNITED STATES,AVLV,2026-04-25,,,,,,,
JAZZ PHARMACEUTICALS PLC COMMON STOCK USD.0001,JAZZ,COMMON STOCK,G50871105,IE00B4Q5ZN47,B4Q5ZN4,145942,29182562.32,0.2559345646646696,0,,HEALTH CARE,UNITED STATES,AVLV,2026-04-25,,,,,,,
GLOBE LIFE INC COMMON STOCK USD1.0,GL,COMMON STOCK,37959E102,US37959E1029,BK6YKG1,189358,29155451.26,0.2556967974233077,0,,FINANCIALS,UNITED STATES,AVLV,2026-04-25,,,,,,,
SOLSTICE ADV MATERIALS INC COMMON STOCK USD.01,SOLS,COMMON STOCK,83443Q103,US83443Q1031,BW2K5V7,358466,29053669.3,0.25480415745092716,0,,MATERIALS,UNITED STATES,AVLV,2026-04-25,,,,,,,
BEST BUY CO INC COMMON STOCK USD.1,BBY,COMMON STOCK,086516101,US0865161014,2094670,470319,28924618.5,0.2536723664876987,0,,CONSUMER DISCRETIONARY,UNITED STATES,AVLV,2026-04-25,,,,,,,
ALLY FINANCIAL INC COMMON STOCK USD.01,ALLY,COMMON STOCK,02005N100,US02005N1000,B72XK05,638064,28725641.28,0.2519273124509603,0,,FINANCIALS,UNITED STATES,AVLV,2026-04-25,,,,,,,
LENNAR CORP W/D COMMON STOCK USD.1,LEN,COMMON STOCK,526057104,US5260571048,2511920,303621,28595025.78,0.25078179888143914,0,,CONSUMER DISCRETIONARY,UNITED STATES,AVLV,2026-04-25,,,,,,,
EXPAND ENERGY CORP COMMON STOCK USD.01,EXE,COMMON STOCK,165167735,US1651677353,BMZ5LZ5,290712,27995565.6,0.24552446134816303,0,,ENERGY,UNITED STATES,AVLV,2026-04-25,,,,,,,
ASSURANT INC COMMON STOCK USD.01,AIZ,COMMON STOCK,04621X108,US04621X1081,2331430,119374,27510932.04,0.24127416701689783,0,,FINANCIALS,UNITED STATES,AVLV,2026-04-25,,,,,,,
EXELIXIS INC COMMON STOCK USD.001,EXEL,COMMON STOCK,30161Q104,US30161Q1040,2576941,590616,27197866.8,0.2385285473885581,0,,HEALTH CARE,UNITED STATES,AVLV,2026-04-25,,,,,,,
ARCHER DANIELS MIDLAND CO COMMON STOCK,ADM,COMMON STOCK,039483102,US0394831020,2047317,383406,26849922.18,0.23547703142259768,0,,CONSUMER STAPLES,UNITED STATES,AVLV,2026-04-25,,,,,,,
TEXAS ROADHOUSE INC COMMON STOCK USD.001,TXRH,COMMON STOCK,882681109,US8826811098,B033TJ7,164165,26338632.6,0.23099296060523836,0,,CONSUMER DISCRETIONARY,UNITED STATES,AVLV,2026-04-25,,,,,,,
OWENS CORNING COMMON STOCK USD.001,OC,COMMON STOCK,690742101,US6907421019,B1FW7Q2,203963,25629990.58,0.22477808526622486,0,,INDUSTRIALS,UNITED STATES,AVLV,2026-04-25,,,,,,,
RYDER SYSTEM INC COMMON STOCK USD.5,R,COMMON STOCK,783549108,US7835491082,2760669,105477,25587665.43,0.22440688863445438,0,,INDUSTRIALS,UNITED STATES,AVLV,2026-04-25,,,,,,,
FIVE BELOW COMMON STOCK USD.01,FIVE,COMMON STOCK,33829M101,US33829M1018,B85KFY9,106546,25379257.2,0.22257912351113518,0,,CONSUMER DISCRETIONARY,UNITED STATES,AVLV,2026-04-25,,,,,,,
INTERDIGITAL INC COMMON STOCK USD.01,IDCC,COMMON STOCK,45867G101,US45867G1013,2465737,69044,24817865.8,0.21765565373524717,0,,INFORMATION TECHNOLOGY,UNITED STATES,AVLV,2026-04-25,,,,,,,
DEXCOM INC COMMON STOCK USD.001,DXCM,COMMON STOCK,252131107,US2521311074,B0796X4,391005,24516013.5,0.2150083729328831,0,,HEALTH CARE,UNITED STATES,AVLV,2026-04-25,,,,,,,
NVR INC COMMON STOCK USD.01,NVR,COMMON STOCK,62944T105,US62944T1051,2637785,3654,24368562.54,0.2137152103639772,0,,CONSUMER DISCRETIONARY,UNITED STATES,AVLV,2026-04-25,,,,,,,
PRIMERICA INC COMMON STOCK,PRI,COMMON STOCK,74164M108,US74164M1080,B50K3X8,86751,24359680.8,0.21363731644104342,0,,FINANCIALS,UNITED STATES,AVLV,2026-04-25,,,,,,,
ADVANCED DRAINAGE SYSTEMS IN COMMON STOCK USD.01,WMS,COMMON STOCK,00790R104,US00790R1041,BP7RS59,150700,23060114.0,0.20223996004843114,0,,INDUSTRIALS,UNITED STATES,AVLV,2026-04-25,,,,,,,
TORO CO COMMON STOCK USD1.0,TTC,COMMON STOCK,891092108,US8910921084,2897040,237306,22843075.56,0.20033650695038596,0,,INDUSTRIALS,UNITED STATES,AVLV,2026-04-25,,,,,,,
LULULEMON ATHLETICA INC COMMON STOCK USD.005,LULU,COMMON STOCK,550021109,US5500211090,B23FN39,160954,22800743.64,0.19996525094490514,0,,CONSUMER DISCRETIONARY,UNITED STATES,AVLV,2026-04-25,,,,,,,
NORWEGIAN CRUISE LINE HOLDIN COMMON STOCK USD.001,NCLH,COMMON STOCK,G66721104,BMG667211046,B9CGTC3,1232349,22699868.58,0.19908056459407947,0,,CONSUMER DISCRETIONARY,UNITED STATES,AVLV,2026-04-25,,,,,,,
APTIV PLC COMMON STOCK USD.01,APTV,COMMON STOCK,G3265R107,JE00BTDN8H13,BTDN8H1,374004,22593581.64,0.19814841540785824,0,,CONSUMER DISCRETIONARY,UNITED STATES,AVLV,2026-04-25,,,,,,,
DYCOM INDUSTRIES INC COMMON STOCK USD.3333333,DY,COMMON STOCK,267475101,US2674751019,2289841,54151,22437466.85,0.1967792700128021,0,,INDUSTRIALS,UNITED STATES,AVLV,2026-04-25,,,,,,,
MUELLER INDUSTRIES INC COMMON STOCK USD.01,MLI,COMMON STOCK,624756102,US6247561029,2609717,164823,22373074.02,0.19621453718595633,0,,INDUSTRIALS,UNITED STATES,AVLV,2026-04-25,,,,,,,
MURPHY USA INC COMMON STOCK USD.01,MUSA,COMMON STOCK,626755102,US6267551025,BCZWJ63,41973,22361535.48,0.19611334280900672,0,,CONSUMER DISCRETIONARY,UNITED STATES,AVLV,2026-04-25,,,,,,,
JACKSON FINANCIAL INC A COMMON STOCK USD.01,JXN,COMMON STOCK,46817M107,US46817M1071,BMFX6P4,195034,22116855.6,0.19396747097351386,0,,FINANCIALS,UNITED STATES,AVLV,2026-04-25,,,,,,,
VALMONT INDUSTRIES COMMON STOCK USD1.0,VMI,COMMON STOCK,920253101,US9202531011,2926825,44316,21911603.04,0.19216738145382464,0,,INDUSTRIALS,UNITED STATES,AVLV,2026-04-25,,,,,,,
EQT CORP COMMON STOCK,EQT,COMMON STOCK,26884L109,US26884L1098,2319414,371772,21908523.96,0.19214037755366242,0,,ENERGY,UNITED STATES,AVLV,2026-04-25,,,,,,,
RANGE RESOURCES CORP COMMON STOCK USD.01,RRC,COMMON STOCK,75281A109,US75281A1097,2523334,511321,21802727.44,0.19121252940954384,0,,ENERGY,UNITED STATES,AVLV,2026-04-25,,,,,,,
VF CORP COMMON STOCK,VFC,COMMON STOCK,918204108,US9182041080,2928683,1079539,21612370.78,0.18954307871587628,0,,CONSUMER DISCRETIONARY,UNITED STATES,AVLV,2026-04-25,,,,,,,
AUTOLIV INC COMMON STOCK USD1.0,ALV,COMMON STOCK,052800109,US0528001094,2064253,184865,21501648.15,0.1885720279974081,0,,CONSUMER DISCRETIONARY,UNITED STATES,AVLV,2026-04-25,,,,,,,
FORD MOTOR CO COMMON STOCK USD.01,F,COMMON STOCK,345370860,US3453708600,2615468,1683173,21005999.04,0.1842251259740946,0,,CONSUMER DISCRETIONARY,UNITED STATES,AVLV,2026-04-25,,,,,,,
AXIS CAPITAL HOLDINGS LTD COMMON STOCK USD.0125,AXS,COMMON STOCK,G0692U109,BMG0692U1099,2677606,206991,21005446.68,0.18422028171077778,0,,FINANCIALS,UNITED STATES,AVLV,2026-04-25,,,,,,,
ESTEE LAUDER COMPANIES CL A COMMON STOCK USD.01,EL,COMMON STOCK,518439104,US5184391044,2320524,271866,20770562.4,0.18216031845980665,0,,CONSUMER STAPLES,UNITED STATES,AVLV,2026-04-25,,,,,,,
PRIMORIS SERVICES CORP COMMON STOCK USD.0001,PRIM,COMMON STOCK,74164F103,US74164F1030,B1GC200,118051,20367339.03,0.17862400123954514,0,,INDUSTRIALS,UNITED STATES,AVLV,2026-04-25,,,,,,,
ARMSTRONG WORLD INDUSTRIES COMMON STOCK USD.01,AWI,COMMON STOCK,04247X102,US04247X1028,B1FT462,113432,20347432.16,0.1784494156068163,0,,INDUSTRIALS,UNITED STATES,AVLV,2026-04-25,,,,,,,
MASIMO CORP COMMON STOCK USD.001,MASI,COMMON STOCK,574795100,US5747951003,B1YWR63,112919,20179754.49,0.17697886237009708,0,,HEALTH CARE,UNITED STATES,AVLV,2026-04-25,,,,,,,
UNIVERSAL HEALTH SERVICES B COMMON STOCK USD.01,UHS,COMMON STOCK,913903100,US9139031002,2923785,106101,19223379.18,0.16859133642440116,0,,HEALTH CARE,UNITED STATES,AVLV,2026-04-25,,,,,,,
HF SINCLAIR CORP COMMON STOCK,DINO,COMMON STOCK,403949100,US4039491000,BMZQ9C1,304110,18106709.4,0.15879800878974631,0,,ENERGY,UNITED STATES,AVLV,2026-04-25,,,,,,,
FOX CORP   CLASS A COMMON STOCK USD.01,FOXA,COMMON STOCK,35137L105,US35137L1052,BJJMGL2,279996,18068141.88,0.1584597670228597,0,,COMMUNICATION SERVICES,UNITED STATES,AVLV,2026-04-25,,,,,,,
INGREDION INC COMMON STOCK USD.01,INGR,COMMON STOCK,457187102,US4571871023,B7K24P7,156532,17670897.48,0.15497588608517385,0,,CONSUMER STAPLES,UNITED STATES,AVLV,2026-04-25,,,,,,,
ONEMAIN HOLDINGS INC COMMON STOCK USD.01,OMF,COMMON STOCK,68268W103,US68268W1036,BYSZB89,297370,17544830.0,0.15387025919544525,0,,FINANCIALS,UNITED STATES,AVLV,2026-04-25,,,,,,,
VISA INC CLASS A SHARES COMMON STOCK USD.0001,V,COMMON STOCK,92826C839,US92826C8394,B2PZN04,55848,17250330.24,0.1512874610489715,0,,FINANCIALS,UNITED STATES,AVLV,2026-04-25,,,,,,,
COCA COLA CONSOLIDATED INC COMMON STOCK USD1.0,COKE,COMMON STOCK,191098102,US1910981026,2206721,88547,17038213.74,0.1494271739538768,0,,CONSUMER STAPLES,UNITED STATES,AVLV,2026-04-25,,,,,,,
COREBRIDGE FINANCIAL INC COMMON STOCK USD.01,CRBG,COMMON STOCK,21871X109,US21871X1090,BMTX0G9,628961,16692624.94,0.1463963188113053,0,,FINANCIALS,UNITED STATES,AVLV,2026-04-25,,,,,,,
GAP INC/THE COMMON STOCK USD.05,GAP,COMMON STOCK,364760108,US3647601083,2360326,660568,16652919.28,0.14604809542038466,0,,CONSUMER DISCRETIONARY,UNITED STATES,AVLV,2026-04-25,,,,,,,
SPROUTS FARMERS MARKET INC COMMON STOCK USD.001,SFM,COMMON STOCK,85208M102,US85208M1027,BCGCR79,227228,16485391.4,0.14457885585989516,0,,CONSUMER STAPLES,UNITED STATES,AVLV,2026-04-25,,,,,,,
AMERICAN FINANCIAL GROUP INC COMMON STOCK,AFG,COMMON STOCK,025932104,US0259321042,2134532,121677,16089349.71,0.14110552283287225,0,,FINANCIALS,UNITED STATES,AVLV,2026-04-25,,,,,,,
EAGLE MATERIALS INC COMMON STOCK USD.01,EXP,COMMON STOCK,26969P108,US26969P1084,2191399,75816,15800054.4,0.13856836833586506,0,,MATERIALS,UNITED STATES,AVLV,2026-04-25,,,,,,,
AUTONATION INC COMMON STOCK USD.01,AN,COMMON STOCK,05329W102,US05329W1027,2732635,75213,15265982.61,0.13388449480980208,0,,CONSUMER DISCRETIONARY,UNITED STATES,AVLV,2026-04-25,,,,,,,
ZIONS BANCORP NA COMMON STOCK USD.001,ZION,COMMON STOCK,989701107,US9897011071,2989828,242428,15183265.64,0.1331590570817784,0,,FINANCIALS,UNITED STATES,AVLV,2026-04-25,,,,,,,
MATADOR RESOURCES CO COMMON STOCK USD.01,MTDR,COMMON STOCK,576485205,US5764852050,B7MSLL8,242643,14818208.01,0.1299574579697109,0,,ENERGY,UNITED STATES,AVLV,2026-04-25,,,,,,,
GALAXY DIGITAL INC A COMMON STOCK USD.001,GLXY,COMMON STOCK,36317J209,US36317J2096,BV97X10,546264,14355817.92,0.12590224153286284,0,,FINANCIALS,UNITED STATES,AVLV,2026-04-25,,,,,,,
ANTERO MIDSTREAM CORP COMMON STOCK,AM,COMMON STOCK,03676B102,US03676B1026,BJBT0Q4,663440,14184347.2,0.12439842279362001,0,,ENERGY,UNITED STATES,AVLV,2026-04-25,,,,,,,
CHORD ENERGY CORP COMMON STOCK,CHRD,COMMON STOCK,674215207,US6742152076,BLDDYB1,101700,13949172.0,0.12233590813942612,0,,ENERGY,UNITED STATES,AVLV,2026-04-25,,,,,,,
SANMINA CORP COMMON STOCK USD.01,SANM,COMMON STOCK,801056102,US8010561020,B92RRW2,76945,13851638.9,0.12148053117782916,0,,INFORMATION TECHNOLOGY,UNITED STATES,AVLV,2026-04-25,,,,,,,
SMURFIT WESTROCK PLC COMMON STOCK,SW,COMMON STOCK,G8267P108,IE00028FXN24,BRK49M5,340837,13810715.24,0.12112162578111535,0,,MATERIALS,UNITED STATES,AVLV,2026-04-25,,,,,,,
ARGAN INC COMMON STOCK USD.15,AGX,COMMON STOCK,04010E109,US04010E1091,2804501,20890,13720343.1,0.12032905129587684,0,,INDUSTRIALS,UNITED STATES,AVLV,2026-04-25,,,,,,,
VALERO ENERGY CORP COMMON STOCK USD.01,VLO,COMMON STOCK,91913Y100,US91913Y1001,2041364,56875,13299081.25,0.11663453444683056,0,,ENERGY,UNITED STATES,AVLV,2026-04-25,,,,,,,
NEWMARKET CORP COMMON STOCK,NEU,COMMON STOCK,651587107,US6515871076,B01CGF1,18827,12859594.08,0.11278017935983498,0,,MATERIALS,UNITED STATES,AVLV,2026-04-25,,,,,,,
BOYD GAMING CORP COMMON STOCK USD.01,BYD,COMMON STOCK,103304101,US1033041013,2117232,141551,12619271.65,0.11067252288242371,0,,CONSUMER DISCRETIONARY,UNITED STATES,AVLV,2026-04-25,,,,,,,
WEATHERFORD INTERNATIONAL PL COMMON STOCK USD.001,WFRD,COMMON STOCK,G48833118,IE00BLNN3691,BLNN369,122562,12615306.66,0.1106377494455191,0,,ENERGY,UNITED STATES,AVLV,2026-04-25,,,,,,,
LAMB WESTON HOLDINGS INC COMMON STOCK USD1.0,LW,COMMON STOCK,513272104,US5132721045,BDQZFJ3,284460,12499172.4,0.10961923808418524,0,,CONSUMER STAPLES,UNITED STATES,AVLV,2026-04-25,,,,,,,
PULTEGROUP INC COMMON STOCK USD.01,PHM,COMMON STOCK,745867101,US7458671010,2708841,95159,12431571.76,0.1090263723796684,0,,CONSUMER DISCRETIONARY,UNITED STATES,AVLV,2026-04-25,,,,,,,
MARKEL GROUP INC COMMON STOCK,MKL,COMMON STOCK,570535104,US5705351048,2566436,6439,12426690.49,0.10898356305748616,0,,FINANCIALS,UNITED STATES,AVLV,2026-04-25,,,,,,,
MARATHON PETROLEUM CORP COMMON STOCK USD.01,MPC,COMMON STOCK,56585A102,US56585A1025,B3K3L40,56094,12402383.4,0.10877038696865617,0,,ENERGY,UNITED STATES,AVLV,2026-04-25,,,,,,,
HESS MIDSTREAM LP   CLASS A COMMON STOCK,HESM,COMMON STOCK,428103105,US4281031058,BKPK695,321553,12173996.58,0.10676740721962334,0,,ENERGY,UNITED STATES,AVLV,2026-04-25,,,,,,,
SMITH (A.O.) CORP COMMON STOCK USD1.0,AOS,COMMON STOCK,831865209,US8318652091,2816023,179203,11664323.27,0.10229751128362963,0,,INDUSTRIALS,UNITED STATES,AVLV,2026-04-25,,,,,,,
HERSHEY CO/THE COMMON STOCK USD1.0,HSY,COMMON STOCK,427866108,US4278661081,2422806,60524,11626660.4,0.10196720340552853,0,,CONSUMER STAPLES,UNITED STATES,AVLV,2026-04-25,,,,,,,
FOX CORP   CLASS B COMMON STOCK USD.01,FOX,COMMON STOCK,35137L204,US35137L2043,BJJMGY5,197242,11388753.08,0.0998807277319031,0,,COMMUNICATION SERVICES,UNITED STATES,AVLV,2026-04-25,,,,,,,
GOLDMAN SACHS GROUP INC COMMON STOCK USD.01,GS,COMMON STOCK,38141G104,US38141G1040,2407966,12167,11331127.1,0.0993753409895413,0,,FINANCIALS,UNITED STATES,AVLV,2026-04-25,,,,,,,
MGIC INVESTMENT CORP COMMON STOCK USD1.0,MTG,COMMON STOCK,552848103,US5528481030,2548616,388353,11172915.81,0.09798780903853661,0,,FINANCIALS,UNITED STATES,AVLV,2026-04-25,,,,,,,
NOV INC COMMON STOCK USD.01,NOV,COMMON STOCK,62955J103,US62955J1034,BN2RYW9,549261,11106057.42,0.09740145295536623,0,,ENERGY,UNITED STATES,AVLV,2026-04-25,,,,,,,
MOLSON COORS BEVERAGE CO   B COMMON STOCK USD.01,TAP,COMMON STOCK,60871R209,US60871R2094,B067BM3,258056,11062860.72,0.09702261272577221,0,,CONSUMER STAPLES,UNITED STATES,AVLV,2026-04-25,,,,,,,
UNITED THERAPEUTICS CORP COMMON STOCK USD.01,UTHR,COMMON STOCK,91307C102,US91307C1027,2430412,19265,11035955.25,0.09678664853331921,0,,HEALTH CARE,UNITED STATES,AVLV,2026-04-25,,,,,,,
IES HOLDINGS INC COMMON STOCK USD.01,IESC,COMMON STOCK,44951W106,US44951W1062,BD978B9,18775,11005341.75,0.09651816447391938,0,,INDUSTRIALS,UNITED STATES,AVLV,2026-04-25,,,,,,,
WINTRUST FINANCIAL CORP COMMON STOCK,WTFC,COMMON STOCK,97650W108,US97650W1080,2425258,71295,10733462.25,0.0941337487152641,0,,FINANCIALS,UNITED STATES,AVLV,2026-04-25,,,,,,,
SSC GOVERNMENT MM GVMXX,OTHER,SWEEP INVESTMENT VEHICLE,7839989D1,,,10296798,10296798.12,0.09030415202698307,3.5662325,12/31/2030,MISCELLANEOUS,UNITED STATES,AVLV,2026-04-25,,,,,,,
URBAN OUTFITTERS INC COMMON STOCK USD.0001,URBN,COMMON STOCK,917047102,US9170471026,2933438,138843,10253555.55,0.08992490951199848,0,,CONSUMER DISCRETIONARY,UNITED STATES,AVLV,2026-04-25,,,,,,,
ALASKA AIR GROUP INC COMMON STOCK USD.01,ALK,COMMON STOCK,011659109,US0116591092,2012605,248091,10211425.56,0.0895554244567884,0,,INDUSTRIALS,UNITED STATES,AVLV,2026-04-25,,,,,,,
CROCS INC COMMON STOCK USD.001,CROX,COMMON STOCK,227046109,US2270461096,B0T7Z62,97146,10124556.12,0.08879356906981893,0,,CONSUMER DISCRETIONARY,UNITED STATES,AVLV,2026-04-25,,,,,,,
LANTHEUS HOLDINGS INC COMMON STOCK USD.01,LNTH,COMMON STOCK,516544103,US5165441032,BP8S8J5,119173,9869907.86,0.08656027334852275,0,,HEALTH CARE,UNITED STATES,AVLV,2026-04-25,,,,,,,
SLM CORP COMMON STOCK USD.2,SLM,COMMON STOCK,78442P106,US78442P1066,2101967,415217,9724382.14,0.08528399536486582,0,,FINANCIALS,UNITED STATES,AVLV,2026-04-25,,,,,,,
GLOBALSTAR INC COMMON STOCK USD.0001,GSAT,COMMON STOCK,378973507,US3789735079,BRJMM32,118834,9660015.86,0.08471949538469806,0,,COMMUNICATION SERVICES,UNITED STATES,AVLV,2026-04-25,,,,,,,
LITHIA MOTORS INC COMMON STOCK,LAD,COMMON STOCK,536797103,US5367971034,2515030,34554,9550380.06,0.08375797629542218,0,,CONSUMER DISCRETIONARY,UNITED STATES,AVLV,2026-04-25,,,,,,,
FIRST CITIZENS BCSHS   CL A COMMON STOCK USD1.0,FCNCA,COMMON STOCK,31946M103,US31946M1036,2355582,4406,8707886.22,0.07636920447310383,0,,FINANCIALS,UNITED STATES,AVLV,2026-04-25,,,,,,,
BRINKER INTERNATIONAL INC COMMON STOCK USD.1,EAT,COMMON STOCK,109641100,US1096411004,2193544,58634,8434500.9,0.07397158249280365,0,,CONSUMER DISCRETIONARY,UNITED STATES,AVLV,2026-04-25,,,,,,,
QUALCOMM INC COMMON STOCK USD.0001,QCOM,COMMON STOCK,747525103,US7475251036,2714923,62002,8305167.9,0.0728373166017962,0,,INFORMATION TECHNOLOGY,UNITED STATES,AVLV,2026-04-25,,,,,,,
INTERNATIONAL PAPER CO COMMON STOCK USD1.0,IP,COMMON STOCK,460146103,US4601461035,2465254,236993,7948745.22,0.06971144703482202,0,,MATERIALS,UNITED STATES,AVLV,2026-04-25,,,,,,,
LINCOLN NATIONAL CORP COMMON STOCK,LNC,COMMON STOCK,534187109,US5341871094,2516378,211601,7714972.46,0.06766123194729855,0,,FINANCIALS,UNITED STATES,AVLV,2026-04-25,,,,,,,
CIRRUS LOGIC INC COMMON STOCK USD.001,CRUS,COMMON STOCK,172755100,US1727551004,2197308,43268,7477143.08,0.06557543981680244,0,,INFORMATION TECHNOLOGY,UNITED STATES,AVLV,2026-04-25,,,,,,,
LEAR CORP COMMON STOCK USD.01,LEA,COMMON STOCK,521865204,US5218652049,B570P91,57595,7471223.4,0.06552352351462373,0,,CONSUMER DISCRETIONARY,UNITED STATES,AVLV,2026-04-25,,,,,,,
ALPHABET INC CL A COMMON STOCK USD.001,GOOGL,COMMON STOCK,02079K305,US02079K3059,BYVY8G0,21338,7231234.82,0.06341879494167393,0,,COMMUNICATION SERVICES,UNITED STATES,AVLV,2026-04-25,,,,,,,
OPENDOOR TECHNOLOGIES INC COMMON STOCK USD.0001,OPEN,COMMON STOCK,683712103,US6837121036,BL96T19,1371008,7156661.76,0.06276478027916665,0,,REAL ESTATE,UNITED STATES,AVLV,2026-04-25,,,,,,,
PEGASYSTEMS INC COMMON STOCK USD.01,PEGA,COMMON STOCK,705573103,US7055731035,2675860,202191,7127232.75,0.06250668433884889,0,,INFORMATION TECHNOLOGY,UNITED STATES,AVLV,2026-04-25,,,,,,,
LANDSTAR SYSTEM INC COMMON STOCK USD.01,LSTR,COMMON STOCK,515098101,US5150981018,2503994,36211,6514358.9,0.05713170731407233,0,,INDUSTRIALS,UNITED STATES,AVLV,2026-04-25,,,,,,,
PAYPAL HOLDINGS INC COMMON STOCK,PYPL,COMMON STOCK,70450Y103,US70450Y1038,BYW36M8,123542,6146214.5,0.05390303685962212,0,,FINANCIALS,UNITED STATES,AVLV,2026-04-25,,,,,,,
VIASAT INC COMMON STOCK USD.0001,VSAT,COMMON STOCK,92552V100,US92552V1008,2946243,97406,6095667.48,0.05345973344380348,0,,INFORMATION TECHNOLOGY,UNITED STATES,AVLV,2026-04-25,,,,,,,
LEVI STRAUSS + CO  CLASS A COMMON STOCK USD.001,LEVI,COMMON STOCK,52736R102,US52736R1023,BHRWS81,256647,5771991.03,0.050621052233614405,0,,CONSUMER DISCRETIONARY,UNITED STATES,AVLV,2026-04-25,,,,,,,
ABERCROMBIE + FITCH CO CL A COMMON STOCK USD.01,ANF,COMMON STOCK,002896207,US0028962076,2004185,63473,5663695.79,0.049671290016001984,0,,CONSUMER DISCRETIONARY,UNITED STATES,AVLV,2026-04-25,,,,,,,
BANK OZK COMMON STOCK,OZK,COMMON STOCK,06417N103,US06417N1037,BZ56Q65,116362,5644720.62,0.04950487550379653,0,,FINANCIALS,UNITED STATES,AVLV,2026-04-25,,,,,,,
NOBLE CORP PLC COMMON STOCK USD.00001,NE,COMMON STOCK,G65431127,GB00BMXNWH07,BN2QTL0,113917,5575097.98,0.04889427661724869,0,,ENERGY,UNITED STATES,AVLV,2026-04-25,,,,,,,
JEFFERIES FINANCIAL GROUP IN COMMON STOCK USD1.0,JEF,COMMON STOCK,47233W109,US47233W1099,BG0Q4Z2,121647,5558051.43,0.04874477633329677,0,,FINANCIALS,UNITED STATES,AVLV,2026-04-25,,,,,,,
FIDELITY NATIONAL FINANCIAL COMMON STOCK USD.0001,FNF,COMMON STOCK,31620R303,US31620R3030,BNBRDD4,106611,5494730.94,0.04818944805660885,0,,FINANCIALS,UNITED STATES,AVLV,2026-04-25,,,,,,,
AGCO CORP COMMON STOCK USD.01,AGCO,COMMON STOCK,001084102,US0010841023,2010278,44399,5307456.46,0.046547028450474606,0,,INDUSTRIALS,UNITED STATES,AVLV,2026-04-25,,,,,,,
GRAND CANYON EDUCATION INC COMMON STOCK USD.01,LOPE,COMMON STOCK,38526M106,US38526M1062,B3F1XM1,31811,5250087.44,0.046043895278070616,0,,CONSUMER DISCRETIONARY,UNITED STATES,AVLV,2026-04-25,,,,,,,
ANTERO RESOURCES CORP COMMON STOCK USD.01,AR,COMMON STOCK,03674X106,US03674X1063,BFD2WR8,136949,5231451.8,0.04588045848460649,0,,ENERGY,UNITED STATES,AVLV,2026-04-25,,,,,,,
PARAMOUNT SKYDANCE CL B COMMON STOCK USD.001,PSKY,COMMON STOCK,69932A204,US69932A2042,BSNMNQ5,455181,5129889.87,0.04498974820166334,0,,COMMUNICATION SERVICES,UNITED STATES,AVLV,2026-04-25,,,,,,,
DILLARDS INC CL A COMMON STOCK,DDS,COMMON STOCK,254067101,US2540671011,2269768,8082,4877729.46,0.042778271222659855,0,,CONSUMER DISCRETIONARY,UNITED STATES,AVLV,2026-04-25,,,,,,,
VIKING HOLDINGS LTD COMMON STOCK USD.01,VIK,COMMON STOCK,G93A5A101,BMG93A5A1010,BRDXKH1,57709,4673274.82,0.04098517955688074,0,,CONSUMER DISCRETIONARY,UNITED STATES,AVLV,2026-04-25,,,,,,,
MACY S INC COMMON STOCK USD.01,M,COMMON STOCK,55616P104,US55616P1049,2345022,219622,4431971.96,0.03886892459101317,0,,CONSUMER DISCRETIONARY,UNITED STATES,AVLV,2026-04-25,,,,,,,
MURPHY OIL CORP COMMON STOCK USD1.0,MUR,COMMON STOCK,626717102,US6267171022,2611206,105993,4193083.08,0.036773840518696164,0,,ENERGY,UNITED STATES,AVLV,2026-04-25,,,,,,,
GATX CORP COMMON STOCK USD.625,GATX,COMMON STOCK,361448103,US3614481030,2362128,20555,4089211.7,0.03586287608281456,0,,INDUSTRIALS,UNITED STATES,AVLV,2026-04-25,,,,,,,
UBIQUITI INC COMMON STOCK USD.001,UI,COMMON STOCK,90353W103,US90353W1036,BK9Z6V8,3874,4020708.38,0.035262093766647996,0,,INFORMATION TECHNOLOGY,UNITED STATES,AVLV,2026-04-25,,,,,,,
PILGRIM S PRIDE CORP COMMON STOCK USD.01,PPC,COMMON STOCK,72147K108,US72147K1088,B5L3PZ2,113944,3841052.24,0.03368648791422006,0,,CONSUMER STAPLES,UNITED STATES,AVLV,2026-04-25,,,,,,,
TEREX CORP COMMON STOCK USD.01,TEX,COMMON STOCK,880779103,US8807791038,2884224,57991,3642414.71,0.031944412999442146,0,,INDUSTRIALS,UNITED STATES,AVLV,2026-04-25,,,,,,,
CABOT CORP COMMON STOCK USD1.0,CBT,COMMON STOCK,127055101,US1270551013,2162500,46706,3563200.74,0.031249697000723425,0,,MATERIALS,UNITED STATES,AVLV,2026-04-25,,,,,,,
VIRTU FINANCIAL INC CLASS A COMMON STOCK USD.00001,VIRT,COMMON STOCK,928254101,US9282541013,BWTVWD4,67817,3268779.4,0.028667586607036492,0,,FINANCIALS,UNITED STATES,AVLV,2026-04-25,,,,,,,
ERIE INDEMNITY COMPANY CL A COMMON STOCK,ERIE,COMMON STOCK,29530P102,US29530P1021,2311711,12138,3021148.2,0.026495831341874096,0,,FINANCIALS,UNITED STATES,AVLV,2026-04-25,,,,,,,
MAGNOLIA OIL + GAS CORP   A COMMON STOCK USD.0001,MGY,COMMON STOCK,559663109,US5596631094,BF2GC59,101629,3010250.98,0.02640026141808972,0,,ENERGY,UNITED STATES,AVLV,2026-04-25,,,,,,,
INSTALLED BUILDING PRODUCTS COMMON STOCK USD.01,IBP,COMMON STOCK,45780R101,US45780R1014,BJSP4C9,9471,2926349.58,0.02566443609719116,0,,CONSUMER DISCRETIONARY,UNITED STATES,AVLV,2026-04-25,,,,,,,
CAL MAINE FOODS INC COMMON STOCK USD.01,CALM,COMMON STOCK,128030202,US1280302027,2158781,38055,2899029.9,0.025424839233457702,0,,CONSUMER STAPLES,UNITED STATES,AVLV,2026-04-25,,,,,,,
VERSIGENT PLC COMMON STOCK USD.01,VGNT,COMMON STOCK,G9600F104,JE00BWK75100,BWK7510,61955,2125676.05,0.018642433399414543,0,,CONSUMER DISCRETIONARY,UNITED STATES,AVLV,2026-04-25,,,,,,,
SUPER GROUP SGHC LTD COMMON STOCK,SGHC,COMMON STOCK,G8588X103,GG00BMG42V42,BMG42V4,148103,1814261.75,0.015911292712490352,0,,CONSUMER DISCRETIONARY,UNITED STATES,AVLV,2026-04-25,,,,,,,
SM ENERGY CO COMMON STOCK USD.01,SM,COMMON STOCK,78454L100,US78454L1008,2764188,59331,1737804.99,0.015240757775506411,0,,ENERGY,UNITED STATES,AVLV,2026-04-25,,,,,,,
KINSALE CAPITAL GROUP INC COMMON STOCK USD.01,KNSL,COMMON STOCK,49714P108,US49714P1084,BD1MGQ3,4702,1635355.6,0.014342264362135336,0,,FINANCIALS,UNITED STATES,AVLV,2026-04-25,,,,,,,
COMMERCIAL METALS CO COMMON STOCK USD.01,CMC,COMMON STOCK,201723103,US2017231034,2213260,21395,1455501.85,0.012764925446353718,0,,MATERIALS,UNITED STATES,AVLV,2026-04-25,,,,,,,
U HAUL HOLDING CO NON VOTING COMMON STOCK USD.001,UHAL.B,COMMON STOCK,023586506,US0235865062,BP0VMC3,28811,1426432.61,0.012509984731999995,0,,INDUSTRIALS,UNITED STATES,AVLV,2026-04-25,,,,,,,
ALPHABET INC CL C COMMON STOCK USD.001,GOOG,COMMON STOCK,02079K107,US02079K1079,BYY88Y7,3882,1311145.5,0.011498902977568986,0,,COMMUNICATION SERVICES,UNITED STATES,AVLV,2026-04-25,,,,,,,
HANOVER INSURANCE GROUP INC/ COMMON STOCK USD.01,THG,COMMON STOCK,410867105,US4108671052,2020415,6648,1209071.76,0.010603704059662772,0,,FINANCIALS,UNITED STATES,AVLV,2026-04-25,,,,,,,
FLUOR CORP COMMON STOCK USD.01,FLR,COMMON STOCK,343412102,US3434121022,2696838,22312,1062497.44,0.009318229728489648,0,,INDUSTRIALS,UNITED STATES,AVLV,2026-04-25,,,,,,,
LENNAR CORP   B SHS COMMON STOCK USD.1,LEN.B,COMMON STOCK,526057302,US5260573028,2578293,11208,1032705.12,0.009056947515984105,0,,CONSUMER DISCRETIONARY,UNITED STATES,AVLV,2026-04-25,,,,,,,
CLEAR SECURE INC  CLASS A COMMON STOCK USD.00001,YOU,COMMON STOCK,18467V109,US18467V1098,BLD30T1,18102,972982.5,0.008533172989856973,0,,INFORMATION TECHNOLOGY,UNITED STATES,AVLV,2026-04-25,,,,,,,
BROWN FORMAN CORP CLASS B COMMON STOCK USD.15,BF.B,COMMON STOCK,115637209,US1156372096,2146838,32329,918143.6,0.008052229272705361,0,,CONSUMER STAPLES,UNITED STATES,AVLV,2026-04-25,,,,,,,
QUALYS INC COMMON STOCK USD.001,QLYS,COMMON STOCK,74758T303,US74758T3032,B7XJTN8,10566,887966.64,0.007787573721358863,0,,INFORMATION TECHNOLOGY,UNITED STATES,AVLV,2026-04-25,,,,,,,
CARMAX INC COMMON STOCK USD.5,KMX,COMMON STOCK,143130102,US1431301027,2983563,22014,848639.7,0.007442671750170557,0,,CONSUMER DISCRETIONARY,UNITED STATES,AVLV,2026-04-25,,,,,,,
ARCHROCK INC COMMON STOCK USD.01,AROC,COMMON STOCK,03957W106,US03957W1062,BYRGSX7,17896,647656.24,0.005680022748487589,0,,ENERGY,UNITED STATES,AVLV,2026-04-25,,,,,,,
CULLEN/FROST BANKERS INC COMMON STOCK USD.01,CFR,COMMON STOCK,229899109,US2298991090,2239556,3868,560434.52,0.004915077823750641,0,,FINANCIALS,UNITED STATES,AVLV,2026-04-25,,,,,,,
POPULAR INC COMMON STOCK USD.01,BPOP,COMMON STOCK,733174700,PR7331747001,B86QM90,3480,519459.6,0.004555722870701073,0,,FINANCIALS,UNITED STATES,AVLV,2026-04-25,,,,,,,
ENCOMPASS HEALTH CORP COMMON STOCK USD.01,EHC,COMMON STOCK,29261A100,US29261A1007,BYX2YJ7,4726,481390.36,0.004221851079057973,0,,HEALTH CARE,UNITED STATES,AVLV,2026-04-25,,,,,,,
ENACT HOLDINGS INC COMMON STOCK USD.01,ACT,COMMON STOCK,29249E109,US29249E1091,BNZFTG9,8630,378943.3,0.0033233781000657956,0,,FINANCIALS,UNITED STATES,AVLV,2026-04-25,,,,,,,
JABIL INC COMMON STOCK USD.001,JBL,COMMON STOCK,466313103,US4663131039,2471789,1077,364596.81,0.0031975576655078734,0,,INFORMATION TECHNOLOGY,UNITED STATES,AVLV,2026-04-25,,,,,,,
COUPANG INC COMMON STOCK USD.0001,CPNG,COMMON STOCK,22266T109,US22266T1097,BNYHDF3,7619,156799.02,0.0013751461740576455,0,,CONSUMER DISCRETIONARY,UNITED STATES,AVLV,2026-04-25,,,,,,,
CHEWY INC   CLASS A COMMON STOCK USD.01,CHWY,COMMON STOCK,16679L109,US16679L1098,BJLFHW7,5555,142485.75,0.0012496170828761187,0,,CONSUMER DISCRETIONARY,UNITED STATES,AVLV,2026-04-25,,,,,,,
OSCAR HEALTH INC   CLASS A COMMON STOCK USD.00001,OSCR,COMMON STOCK,687793109,US6877931096,BKY83Q6,8636,141889.48,0.0012443877236033036,0,,FINANCIALS,UNITED STATES,AVLV,2026-04-25,,,,,,,
MANHATTAN ASSOCIATES INC COMMON STOCK USD.01,MANH,COMMON STOCK,562750109,US5627501092,2239471,1022,141363.04,0.0012397707817890567,0,,INFORMATION TECHNOLOGY,UNITED STATES,AVLV,2026-04-25,,,,,,,
SKYWORKS SOLUTIONS INC COMMON STOCK USD.25,SWKS,COMMON STOCK,83088M102,US83088M1027,2961053,1323,81430.65,0.0007141565476527035,0,,INFORMATION TECHNOLOGY,UNITED STATES,AVLV,2026-04-25,,,,,,,
PAYCOM SOFTWARE INC COMMON STOCK USD.01,PAYC,COMMON STOCK,70432V102,US70432V1026,BL95MY0,534,67017.0,0.0005877471118558091,0,,INDUSTRIALS,UNITED STATES,AVLV,2026-04-25,,,,,,,
CREDIT ACCEPTANCE CORP COMMON STOCK USD.01,CACC,COMMON STOCK,225310101,US2253101016,2232050,90,46597.5,0.0004086656526657574,0,,FINANCIALS,UNITED STATES,AVLV,2026-04-25,,,,,,,
UNUM GROUP COMMON STOCK USD.1,UNM,COMMON STOCK,91529Y106,US91529Y1064,2433842,554,42824.2,0.00037557336000620045,0,,FINANCIALS,UNITED STATES,AVLV,2026-04-25,,,,,,,
AIR PRODUCTS + CHEMICALS INC COMMON STOCK USD1.0,APD,COMMON STOCK,009158106,US0091581068,2011602,133,40385.45,0.00035418523059070357,0,,MATERIALS,UNITED STATES,AVLV,2026-04-25,,,,,,,
OPENDOOR TECHNOLOGIES INC OPENDOOR TECHNOLOGIES INC 26,OPENW,WARRANTS,683712129,US6837121291,BLGXLN9,49969,37521.72,0.00032906997570560234,0,,REAL ESTATE,UNITED STATES,AVLV,2026-04-25,,,,,,,
BROWN FORMAN CORP CLASS A COMMON STOCK USD.15,BF.A,COMMON STOCK,115637100,US1156371007,2146816,1245,36017.85,0.0003158808557941381,0,,CONSUMER STAPLES,UNITED STATES,AVLV,2026-04-25,,,,,,,
EDWARDS LIFESCIENCES CORP COMMON STOCK USD1.0,EW,COMMON STOCK,28176E108,US28176E1082,2567116,253,20169.16,0.00017688594742464912,0,,HEALTH CARE,UNITED STATES,AVLV,2026-04-25,,,,,,,
MARKETAXESS HOLDINGS INC COMMON STOCK USD.003,MKTX,COMMON STOCK,57060D108,US57060D1081,B03Q9D0,120,19633.2,0.00017218551407086966,0,,FINANCIALS,UNITED STATES,AVLV,2026-04-25,,,,,,,
RADIAN GROUP INC COMMON STOCK USD.001,RDN,COMMON STOCK,750236101,US7502361014,2173911,465,16726.05,0.00014668946058844553,0,,FINANCIALS,UNITED STATES,AVLV,2026-04-25,,,,,,,
SCHNEIDER NATIONAL INC CL B COMMON STOCK,SNDR,COMMON STOCK,80689H102,US80689H1023,BYVN953,483,14552.79,0.00012762971025178835,0,,INDUSTRIALS,UNITED STATES,AVLV,2026-04-25,,,,,,,
CNA FINANCIAL CORP COMMON STOCK USD2.5,CNA,COMMON STOCK,126117100,US1261171003,2204866,230,11212.5,9.833496712301742e-05,0,,FINANCIALS,UNITED STATES,AVLV,2026-04-25,,,,,,,
FASTENAL CO COMMON STOCK USD.01,FAST,COMMON STOCK,311900104,US3119001044,2332262,200,9090.0,7.972038806227233e-05,0,,INDUSTRIALS,UNITED STATES,AVLV,2026-04-25,,,,,,,
U HAUL HOLDING CO COMMON STOCK USD.25,UHAL,COMMON STOCK,023586100,US0235861004,2028174,100,5329.0,4.673596787501092e-05,0,,INDUSTRIALS,UNITED STATES,AVLV,2026-04-25,,,,,,,
GRACO INC COMMON STOCK USD1.0,GGG,COMMON STOCK,384109104,US3841091040,2380443,61,5012.98,4.396443464778987e-05,0,,INDUSTRIALS,UNITED STATES,AVLV,2026-04-25,,,,,,,
CIPHER DIGITAL INC COMMON STOCK USD1.0,CIFR,COMMON STOCK,17253J106,US17253J1060,BMZ8604,205,3831.45,3.3602275120043264e-05,0,,INFORMATION TECHNOLOGY,UNITED STATES,AVLV,2026-04-25,,,,,,,
